track_id,condition,split
C1407,control,train
C327,control,train
C1465,control,train
C1458,control,train
C1979,control,train
C1154,control,train
C1001,control,train
C384,control,train
C766,control,train
C1433,control,train
C1708,control,train
C1785,control,train
C248,control,train
C118,control,train
C1705,control,train
C1126,control,train
C1251,control,train
C1135,control,train
C593,control,train
C141,control,train
C1365,control,train
C560,control,train
C238,control,train
C969,control,train
C1033,control,train
C852,control,train
C1958,control,train
C181,control,train
C1298,control,train
C483,control,train
C08,control,train
C1380,control,train
C466,control,train
C1335,control,train
C434,control,train
C772,control,train
C396,control,train
C1828,control,train
C18,control,train
C01,control,train
C1542,control,train
C595,control,train
C761,control,train
C1307,control,train
C1213,control,train
C960,control,train
C166,control,train
C667,control,train
C1999,control,train
C1547,control,train
C1022,control,train
C873,control,train
C1800,control,train
C998,control,train
C169,control,train
C1432,control,train
C451,control,train
C1583,control,train
C1526,control,train
C1290,control,train
C1232,control,train
C775,control,train
C970,control,train
C1545,control,train
C1644,control,train
C986,control,train
C365,control,train
C152,control,train
C925,control,train
C773,control,train
C1216,control,train
C616,control,train
C1786,control,train
C1881,control,train
C1491,control,train
C1844,control,train
C289,control,train
C1392,control,train
C386,control,train
C1783,control,train
C887,control,train
C1317,control,train
C750,control,train
C429,control,train
C856,control,train
C1843,control,train
C764,control,train
C724,control,train
C1529,control,train
C197,control,train
C1688,control,train
C1096,control,train
C1798,control,train
C458,control,train
C538,control,train
C993,control,train
C626,control,train
C1258,control,train
C1076,control,train
C203,control,train
C501,control,train
C1902,control,train
C1921,control,train
C106,control,train
C1624,control,train
C1086,control,train
C568,control,train
C1308,control,train
C1744,control,train
C361,control,train
C937,control,train
C504,control,train
C1674,control,train
C1567,control,train
C82,control,train
C1861,control,train
C1081,control,train
C743,control,train
C1945,control,train
C1967,control,train
C17,control,train
C193,control,train
C1642,control,train
C842,control,train
C1645,control,train
C400,control,train
C440,control,train
C202,control,train
C366,control,train
C195,control,train
C1869,control,train
C1879,control,train
C1682,control,train
C1445,control,train
C1932,control,train
C1038,control,train
C1677,control,train
C1021,control,train
C776,control,train
C497,control,train
C1668,control,train
C1903,control,train
C253,control,train
C288,control,train
C432,control,train
C1218,control,train
C1648,control,train
C1261,control,train
C393,control,train
C130,control,train
C806,control,train
C543,control,train
C53,control,train
C849,control,train
C1519,control,train
C1655,control,train
C1246,control,train
C1273,control,train
C1709,control,train
C31,control,train
C1884,control,train
C614,control,train
C1485,control,train
C787,control,train
C1088,control,train
C1830,control,train
C372,control,train
C256,control,train
C897,control,train
C480,control,train
C435,control,train
C1166,control,train
C387,control,train
C994,control,train
C909,control,train
C178,control,train
C390,control,train
C1649,control,train
C1153,control,train
C924,control,train
C1534,control,train
C618,control,train
C786,control,train
C107,control,train
C1634,control,train
C1150,control,train
C1559,control,train
C1102,control,train
C506,control,train
C727,control,train
C1195,control,train
C1340,control,train
C701,control,train
C621,control,train
C298,control,train
C1516,control,train
C1985,control,train
C1840,control,train
C1384,control,train
C1245,control,train
C375,control,train
C268,control,train
C1192,control,train
C950,control,train
C1654,control,train
C545,control,train
C1366,control,train
C1875,control,train
C1524,control,train
C120,control,train
C302,control,train
C1358,control,train
C44,control,train
C1302,control,train
C1052,control,train
C52,control,train
C800,control,train
C1796,control,train
C1731,control,train
C427,control,train
C757,control,train
C1918,control,train
C642,control,train
C918,control,train
C1717,control,train
C492,control,train
C322,control,train
C961,control,train
C1558,control,train
C1851,control,train
C977,control,train
C1279,control,train
C370,control,train
C1296,control,train
C1683,control,train
C57,control,train
C1769,control,train
C418,control,train
C260,control,train
C931,control,train
C679,control,train
C1619,control,train
C215,control,train
C1815,control,train
C51,control,train
C56,control,train
C1912,control,train
C1414,control,train
C1037,control,train
C552,control,train
C326,control,train
C710,control,train
C1250,control,train
C657,control,train
C1418,control,train
C985,control,train
C678,control,train
C439,control,train
C1910,control,train
C453,control,train
C1922,control,train
C224,control,train
C966,control,train
C827,control,train
C1278,control,train
C1281,control,train
C819,control,train
C1305,control,train
C1333,control,train
C207,control,train
C777,control,train
C1719,control,train
C488,control,train
C433,control,train
C1724,control,train
C1125,control,train
C1000,control,train
C677,control,train
C1917,control,train
C37,control,train
C778,control,train
C1522,control,train
C1105,control,train
C646,control,train
C212,control,train
C1520,control,train
C135,control,train
C1348,control,train
C1158,control,train
C1144,control,train
C91,control,train
C752,control,train
C63,control,train
C448,control,train
C100,control,train
C116,control,train
C1986,control,train
C486,control,train
C1776,control,train
C1477,control,train
C1574,control,train
C1546,control,train
C1686,control,train
C641,control,train
C952,control,train
C1040,control,train
C105,control,train
C40,control,train
C796,control,train
C1573,control,train
C493,control,train
C1004,control,train
C1399,control,train
C465,control,train
C81,control,train
C1356,control,train
C1739,control,train
C1517,control,train
C86,control,train
C973,control,train
C163,control,train
C1982,control,train
C1187,control,train
C1248,control,train
C1829,control,train
C1781,control,train
C48,control,train
C442,control,train
C719,control,train
C311,control,train
C496,control,train
C251,control,train
C1808,control,train
C590,control,train
C862,control,train
C1679,control,train
C1836,control,train
C1338,control,train
C1170,control,train
C1956,control,train
C292,control,train
C1643,control,train
C420,control,train
C542,control,train
C1064,control,train
C1416,control,train
C1211,control,train
C46,control,train
C1110,control,train
C1046,control,train
C184,control,train
C1797,control,train
C1123,control,train
C345,control,train
C1182,control,train
C859,control,train
C1756,control,train
C1826,control,train
C1928,control,train
C1134,control,train
C101,control,train
C398,control,train
C1845,control,train
C995,control,train
C399,control,train
C129,control,train
C799,control,train
C1238,control,train
C511,control,train
C1898,control,train
C848,control,train
C654,control,train
C814,control,train
C1257,control,train
C1496,control,train
C1629,control,train
C1864,control,train
C236,control,train
C1510,control,train
C1605,control,train
C1893,control,train
C477,control,train
C1623,control,train
C664,control,train
C721,control,train
C227,control,train
C450,control,train
C1834,control,train
C06,control,train
C1882,control,train
C500,control,train
C683,control,train
C903,control,train
C1867,control,train
C1991,control,train
C705,control,train
C471,control,train
C128,control,train
C533,control,train
C1355,control,train
C376,control,train
C1133,control,train
C1611,control,train
C162,control,train
C1759,control,train
C1031,control,train
C888,control,train
C1748,control,train
C510,control,train
C666,control,train
C579,control,train
C28,control,train
C807,control,train
C1122,control,train
C1479,control,train
C1925,control,train
C42,control,train
C1188,control,train
C267,control,train
C1980,control,train
C228,control,train
C1693,control,train
C1370,control,train
C1364,control,train
C1035,control,train
C551,control,train
C1342,control,train
C635,control,train
C720,control,train
C174,control,train
C1210,control,train
C1839,control,train
C532,control,train
C1578,control,train
C1486,control,train
C164,control,train
C1143,control,train
C1589,control,train
C1070,control,train
C1653,control,train
C817,control,train
C1341,control,train
C293,control,train
C1028,control,train
C911,control,train
C1226,control,train
C687,control,train
C1349,control,train
C1891,control,train
C690,control,train
C751,control,train
C1087,control,train
C1483,control,train
C526,control,train
C1223,control,train
C1160,control,train
C1059,control,train
C1164,control,train
C649,control,train
C1019,control,train
C1478,control,train
C111,control,train
C609,control,train
C885,control,train
C414,control,train
C1439,control,train
C140,control,train
C622,control,train
C1343,control,train
C703,control,train
C1256,control,train
C1207,control,train
C286,control,train
C1108,control,train
C1846,control,train
C698,control,train
C1191,control,train
C1015,control,train
C167,control,train
C785,control,train
C1042,control,train
C1127,control,train
C1729,control,train
C945,control,train
C1097,control,train
C846,control,train
C1417,control,train
C1908,control,train
C1700,control,train
C541,control,train
C575,control,train
C1112,control,train
C270,control,train
C1345,control,train
C340,control,train
C1897,control,train
C857,control,train
C1966,control,train
C910,control,train
C534,control,train
C1947,control,train
C576,control,train
C176,control,train
C1247,control,train
C416,control,train
C1034,control,train
C1402,control,train
C1266,control,train
C1206,control,train
C1324,control,train
C218,control,train
C1959,control,train
C1952,control,train
C1375,control,train
C1373,control,train
C1393,control,train
C62,control,train
C797,control,train
C1329,control,train
C1287,control,train
C1322,control,train
C1983,control,train
C1291,control,train
C158,control,train
C449,control,train
C1101,control,train
C1159,control,train
C360,control,train
C597,control,train
C1742,control,train
C1696,control,train
C1652,control,train
C1337,control,train
C1690,control,train
C208,control,train
C244,control,train
C1103,control,train
C1503,control,train
C633,control,train
C380,control,train
C55,control,train
C1391,control,train
C855,control,train
C813,control,train
C704,control,train
C513,control,train
C1215,control,train
C1981,control,train
C1371,control,train
C662,control,train
C620,control,train
C1706,control,train
C29,control,train
C296,control,train
C1923,control,train
C617,control,train
C658,control,train
C1062,control,train
C1761,control,train
C528,control,train
C405,control,train
C1412,control,train
C940,control,train
C954,control,train
C225,control,train
C1299,control,train
C958,control,train
C264,control,train
C1632,control,train
C825,control,train
C557,control,train
C1515,control,train
C1544,control,train
C652,control,train
C673,control,train
C1671,control,train
C1998,control,train
C1389,control,train
C1169,control,train
C815,control,train
C1906,control,train
C1284,control,train
C1847,control,train
C1863,control,train
C553,control,train
C187,control,train
C561,control,train
C1557,control,train
C1464,control,train
C1331,control,train
C1803,control,train
C1205,control,train
C1531,control,train
C651,control,train
C368,control,train
C744,control,train
C185,control,train
C358,control,train
C481,control,train
C47,control,train
C1905,control,train
C1315,control,train
C531,control,train
C383,control,train
C1715,control,train
C1540,control,train
C75,control,train
C269,control,train
C748,control,train
C367,control,train
C1616,control,train
C1252,control,train
C1703,control,train
C841,control,train
C1383,control,train
C1896,control,train
C59,control,train
C373,control,train
C291,control,train
C881,control,train
C1725,control,train
C1264,control,train
C317,control,train
C229,control,train
C259,control,train
C769,control,train
C276,control,train
C944,control,train
C1476,control,train
C1270,control,train
C456,control,train
C1254,control,train
C313,control,train
C829,control,train
C334,control,train
C523,control,train
C863,control,train
C34,control,train
C07,control,train
C1607,control,train
C1955,control,train
C1229,control,train
C682,control,train
C359,control,train
C1372,control,train
C1793,control,train
C1346,control,train
C1941,control,train
C564,control,train
C967,control,train
C1680,control,train
C1057,control,train
C577,control,train
C754,control,train
C742,control,train
C324,control,train
C1621,control,train
C1387,control,train
C1807,control,train
C124,control,train
C1585,control,train
C446,control,train
C1069,control,train
C1171,control,train
C1620,control,train
C637,control,train
C505,control,train
C1067,control,train
C1344,control,train
C430,control,train
C1727,control,train
C1530,control,train
C119,control,train
C173,control,train
C462,control,train
C1236,control,train
C1743,control,train
C1233,control,train
C1957,control,train
C1944,control,train
C728,control,train
C321,control,train
C1801,control,train
C491,control,train
C1990,control,train
C230,control,train
C404,control,train
C1075,control,train
C921,control,train
C693,control,train
C736,control,train
C745,control,train
C221,control,train
C447,control,train
C1448,control,train
C1732,control,train
C804,control,train
C45,control,train
C95,control,train
C1415,control,train
C901,control,train
C840,control,train
C1453,control,train
C110,control,train
C1987,control,train
C1130,control,train
C389,control,train
C356,control,train
C1209,control,train
C1379,control,train
C1887,control,train
C953,control,train
C271,control,train
C1794,control,train
C1927,control,train
C1518,control,train
C803,control,train
C1792,control,train
C1225,control,train
C21,control,train
C1716,control,train
C1535,control,train
C1721,control,train
C1684,control,train
C1294,control,train
C838,control,train
C999,control,train
C596,control,train
C1865,control,train
C1186,control,train
C346,control,train
C1274,control,train
C159,control,train
C1367,control,train
C304,control,train
C1974,control,train
C1334,control,train
C85,control,train
C537,control,train
C30,control,train
C685,control,train
C860,control,train
C1833,control,train
C737,control,train
C636,control,train
C836,control,train
C1948,control,train
C907,control,train
C1271,control,train
C971,control,train
C1630,control,train
C1697,control,train
C1239,control,train
C739,control,train
C1552,control,train
C472,control,train
C519,control,train
C1537,control,train
C1316,control,train
C1495,control,train
C709,control,train
C1963,control,train
C1045,control,train
C508,control,train
C323,control,train
C753,control,train
C894,control,train
C1049,control,train
C1866,control,train
C650,control,train
C1647,control,train
C1713,control,train
C763,control,train
C247,control,train
C821,control,train
C674,control,train
C1931,control,train
C1243,control,train
C1020,control,train
C402,control,train
C1336,control,train
C1997,control,train
C222,control,train
C990,control,train
C1551,control,train
C303,control,train
C686,control,train
C1107,control,train
C16,control,train
C729,control,train
C1259,control,train
C1553,control,train
C879,control,train
C1397,control,train
C659,control,train
C601,control,train
C634,control,train
C1114,control,train
C1626,control,train
C177,control,train
C1142,control,train
C1689,control,train
C741,control,train
C175,control,train
C1666,control,train
C959,control,train
C1039,control,train
C1527,control,train
C808,control,train
C1224,control,train
C980,control,train
C49,control,train
C305,control,train
C1474,control,train
C1819,control,train
C154,control,train
C1718,control,train
C1977,control,train
C32,control,train
C69,control,train
C834,control,train
C1904,control,train
C1484,control,train
C454,control,train
C142,control,train
C566,control,train
C1400,control,train
C1662,control,train
C1221,control,train
C22,control,train
C1388,control,train
C992,control,train
C639,control,train
C1174,control,train
C1172,control,train
C793,control,train
C461,control,train
C301,control,train
C332,control,train
C1587,control,train
C1027,control,train
C1962,control,train
C1024,control,train
C1073,control,train
C200,control,train
C1006,control,train
C300,control,train
C171,control,train
C1738,control,train
C1774,control,train
C425,control,train
C231,control,train
C1137,control,train
C1628,control,train
C23,control,train
C946,control,train
C1939,control,train
C1749,control,train
C320,control,train
C1473,control,train
C1014,control,train
C872,control,train
C565,control,train
C1190,control,train
C84,control,train
C1280,control,train
C507,control,train
C1472,control,train
C272,control,train
C889,control,train
C1949,control,train
C1055,control,train
C1255,control,train
C1600,control,train
C1446,control,train
C54,control,train
C476,control,train
C1265,control,train
C572,control,train
C1361,control,train
C1994,control,train
C1563,control,train
C1937,control,train
C344,control,train
C1989,control,train
C1140,control,train
C1811,control,train
C833,control,train
C1975,control,train
C554,control,train
C182,control,train
C586,control,train
C700,control,train
C211,control,train
C1462,control,train
C1627,control,train
C1539,control,train
C1353,control,train
C194,control,train
C255,control,train
C1173,control,train
C213,control,train
C1764,control,train
C70,control,train
C987,control,train
C1152,control,train
C1036,control,train
C1184,control,train
C60,control,train
C605,control,train
C1470,control,train
C109,control,train
C1189,control,train
C1763,control,train
C257,control,train
C1111,control,train
C1408,control,train
C1441,control,train
C206,control,train
C503,control,train
C713,control,train
C1641,control,train
C1926,control,train
C1376,control,train
C1050,control,train
C1080,control,train
C1357,control,train
C1842,control,train
C1946,control,train
C929,control,train
C1426,control,train
C1436,control,train
C645,control,train
C1401,control,train
C1018,control,train
C692,control,train
C403,control,train
C1802,control,train
C544,control,train
C308,control,train
C1023,control,train
C1487,control,train
C411,control,train
C663,control,train
C1940,control,train
C1525,control,train
C232,control,train
C1710,control,train
C1311,control,train
C1156,control,train
C475,control,train
C71,control,train
C1996,control,train
C1450,control,train
C1665,control,train
C587,control,train
C795,control,train
C1817,control,train
C1873,control,train
C1771,control,train
C956,control,train
C19,control,train
C363,control,train
C1872,control,train
C1924,control,train
C1818,control,train
C1352,control,train
C1428,control,train
C1056,control,train
C337,control,train
C1907,control,train
C1058,control,train
C1201,control,train
C1876,control,train
C714,control,train
C134,control,train
C1805,control,train
C1124,control,train
C1728,control,train
C726,control,train
C1214,control,train
C468,control,train
C515,control,train
C771,control,train
C696,control,train
C274,control,train
C1423,control,train
C976,control,train
C516,control,train
C835,control,train
C1953,control,train
C357,control,train
C715,control,train
C299,control,train
C558,control,train
C89,control,train
C1079,control,train
C892,control,train
C1555,control,train
C1260,control,train
C1973,control,train
C369,control,train
C1598,control,train
C871,control,train
C381,control,train
C1347,control,train
C850,control,train
C782,control,train
C1385,control,train
C1249,control,train
C1681,control,train
C1003,control,train
C379,control,train
C1471,control,train
C1790,control,train
C1795,control,train
C189,control,train
C625,control,train
C1622,control,train
C1618,control,train
C922,control,train
C770,control,train
C139,control,train
C1328,control,train
C1667,control,train
C170,control,train
C336,control,train
C1051,control,train
C342,control,train
C1914,control,train
C1768,control,train
C445,control,train
C371,control,train
C2000,control,train
C661,control,train
C1603,control,train
C547,control,train
C1672,control,train
C1824,control,train
C1406,control,train
C598,control,train
C585,control,train
C660,control,train
C640,control,train
C926,control,train
C469,control,train
C155,control,train
C536,control,train
C1202,control,train
C1894,control,train
C1425,control,train
C198,control,train
C580,control,train
C258,control,train
C1404,control,train
C410,control,train
C1163,control,train
C1508,control,train
C810,control,train
C1314,control,train
C1094,control,train
C1960,control,train
C149,control,train
C190,control,train
C431,control,train
C279,control,train
C1420,control,train
C409,control,train
C794,control,train
C1588,control,train
C1722,control,train
C108,control,train
C1850,control,train
C582,control,train
C490,control,train
C1595,control,train
C788,control,train
C571,control,train
C1430,control,train
C1770,control,train
C1855,control,train
C1670,control,train
C1442,control,train
C1978,control,train
C131,control,train
C1993,control,train
C1454,control,train
C1394,control,train
C521,control,train
C1720,control,train
C1888,control,train
C655,control,train
C1651,control,train
C252,control,train
C1300,control,train
C1395,control,train
C1678,control,train
C1961,control,train
C1726,control,train
C1204,control,train
C1466,control,train
C1582,control,train
C854,control,train
C1566,control,train
C1434,control,train
C180,control,train
C900,control,train
C917,control,train
C824,control,train
C306,control,train
C939,control,train
C1498,control,train
C941,control,train
C377,control,train
C905,control,train
C1593,control,train
C1197,control,train
C1650,control,train
C04,control,train
C648,control,train
C1549,control,train
C927,control,train
C1048,control,train
C823,control,train
C235,control,train
C607,control,train
C1597,control,train
C1198,control,train
C297,control,train
C1868,control,train
C1326,control,train
C1208,control,train
C882,control,train
C284,control,train
C539,control,train
C1009,control,train
C1701,control,train
C1283,control,train
C955,control,train
C1363,control,train
C569,control,train
C920,control,train
C802,control,train
C963,control,train
C1093,control,train
C830,control,train
C20,control,train
C24,control,train
C1099,control,train
C33,control,train
C828,control,train
C1564,control,train
C1161,control,train
C1773,control,train
C832,control,train
C80,control,train
C1942,control,train
C1890,control,train
C589,control,train
C1066,control,train
C196,control,train
C1092,control,train
C1282,control,train
C1330,control,train
C984,control,train
C983,control,train
C1854,control,train
C1570,control,train
C464,control,train
C1157,control,train
C717,control,train
C1146,control,train
C1735,control,train
C1285,control,train
C1916,control,train
C1419,control,train
C1699,control,train
C1812,control,train
C424,control,train
C143,control,train
C718,control,train
C1523,control,train
C1141,control,train
C878,control,train
C1571,control,train
C1041,control,train
C594,control,train
C1309,control,train
C443,control,train
C1501,control,train
C781,control,train
C1810,control,train
C1240,control,train
C126,control,train
C1576,control,train
C316,control,train
C707,control,train
C1403,control,train
C1138,control,train
C567,control,train
C866,control,train
C1765,control,train
C968,control,train
C1325,control,train
C243,control,train
C1862,control,train
C502,control,train
C670,control,train
C1455,control,train
C1752,control,train
C1976,control,train
C864,control,train
C1909,control,train
C1889,control,train
C1026,control,train
C723,control,train
C1591,control,train
C09,control,train
C1100,control,train
C861,control,train
C1860,control,train
C1429,control,train
C691,control,train
C473,control,train
C653,control,train
C318,control,train
C644,control,train
C282,control,train
C1129,control,train
C188,control,train
C484,control,train
C413,control,train
C1113,control,train
C656,control,train
C1691,control,train
C1118,control,train
C36,control,train
C749,control,train
C1319,control,train
C1968,control,train
C1480,control,train
C199,control,train
C1784,control,train
C1550,control,train
C902,control,train
C1541,control,train
C556,control,train
C216,control,train
C914,control,train
C1900,control,train
C1082,control,train
C1242,control,train
C395,control,train
C1492,control,train
C1181,control,train
C1880,control,train
C421,control,train
C1886,control,train
C1871,control,train
C809,control,train
C27,control,train
C161,control,train
C156,control,train
C1117,control,train
C1413,control,train
C1936,control,train
C1016,control,train
C1935,control,train
C331,control,train
C1071,control,train
C78,control,train
C1782,control,train
C733,control,train
C512,control,train
C1054,control,train
C1227,control,train
C482,control,train
C762,control,train
C1310,control,train
C1750,control,train
C127,control,train
C1853,control,train
C947,control,train
C478,control,train
C602,control,train
C1374,control,train
C444,control,train
C818,control,train
C290,control,train
C1008,control,train
C948,control,train
C341,control,train
C463,control,train
C712,control,train
C1609,control,train
C1821,control,train
C1231,control,train
C1220,control,train
C991,control,train
C1548,control,train
C913,control,train
C895,control,train
C767,control,train
C1327,control,train
C1711,control,train
C117,control,train
C1303,control,train
C747,control,train
C1809,control,train
C1390,control,train
C283,control,train
C624,control,train
C1685,control,train
C886,control,train
C647,control,train
C12,control,train
C608,control,train
C1030,control,train
C1293,control,train
C1762,control,train
C1032,control,train
C1934,control,train
C1295,control,train
C1065,control,train
C1911,control,train
C919,control,train
C1422,control,train
C217,control,train
C934,control,train
C73,control,train
C03,control,train
C1965,control,train
C146,control,train
C294,control,train
C1194,control,train
C494,control,train
C702,control,train
C874,control,train
C1091,control,train
C35,control,train
C837,control,train
C1857,control,train
C684,control,train
C1444,control,train
C1899,control,train
C578,control,train
C1920,control,train
C1814,control,train
C880,control,train
C1193,control,train
C610,control,train
C716,control,train
C1714,control,train
C262,control,train
C1386,control,train
C499,control,train
C1085,control,train
C1659,control,train
C136,control,train
C1289,control,train
C1767,control,train
C1090,control,train
C428,control,train
C214,control,train
C1929,control,train
C1615,control,train
C401,control,train
C1532,control,train
C1779,control,train
C1712,control,train
C1695,control,train
C1228,control,train
C1165,control,train
C599,control,train
C606,control,train
C780,control,train
C555,control,train
C1359,control,train
C153,control,train
C1702,control,train
C1488,control,train
C1938,control,train
C41,control,train
C1992,control,train
C1832,control,train
C1212,control,train
C904,control,train
C1565,control,train
C912,control,train
C774,control,train
C02,control,train
C485,control,train
C1276,control,train
C638,control,train
C467,control,train
C628,control,train
C1151,control,train
C93,control,train
C1339,control,train
C1431,control,train
C1078,control,val
C735,control,val
C1002,control,val
C1746,control,val
C1988,control,val
C87,control,val
C102,control,val
C1561,control,val
C50,control,val
C1504,control,val
C731,control,val
C1234,control,val
C05,control,val
C280,control,val
C1766,control,val
C1269,control,val
C1943,control,val
C738,control,val
C460,control,val
C374,control,val
C629,control,val
C1599,control,val
C351,control,val
C1878,control,val
C204,control,val
C672,control,val
C364,control,val
C325,control,val
C495,control,val
C1816,control,val
C242,control,val
C96,control,val
C1658,control,val
C1637,control,val
C760,control,val
C1277,control,val
C1877,control,val
C1895,control,val
C315,control,val
C125,control,val
C518,control,val
C1885,control,val
C935,control,val
C1694,control,val
C1132,control,val
C1013,control,val
C522,control,val
C266,control,val
C891,control,val
C67,control,val
C517,control,val
C426,control,val
C43,control,val
C1350,control,val
C1378,control,val
C1601,control,val
C851,control,val
C1077,control,val
C1536,control,val
C1577,control,val
C1267,control,val
C1590,control,val
C1490,control,val
C915,control,val
C619,control,val
C509,control,val
C1984,control,val
C378,control,val
C612,control,val
C1780,control,val
C1584,control,val
C1411,control,val
C812,control,val
C239,control,val
C527,control,val
C942,control,val
C385,control,val
C1633,control,val
C790,control,val
C676,control,val
C1268,control,val
C1043,control,val
C66,control,val
C1145,control,val
C550,control,val
C391,control,val
C1970,control,val
C630,control,val
C549,control,val
C151,control,val
C314,control,val
C1575,control,val
C758,control,val
C1362,control,val
C1831,control,val
C1025,control,val
C972,control,val
C1010,control,val
C1178,control,val
C1969,control,val
C631,control,val
C245,control,val
C1083,control,val
C307,control,val
C1128,control,val
C584,control,val
C407,control,val
C1405,control,val
C1263,control,val
C1760,control,val
C643,control,val
C1475,control,val
C592,control,val
C114,control,val
C981,control,val
C978,control,val
C328,control,val
C1481,control,val
C1149,control,val
C1230,control,val
C1930,control,val
C933,control,val
C1638,control,val
C394,control,val
C263,control,val
C397,control,val
C932,control,val
C1500,control,val
C498,control,val
C1512,control,val
C611,control,val
C791,control,val
C581,control,val
C1449,control,val
C1460,control,val
C352,control,val
C1951,control,val
C711,control,val
C546,control,val
C1237,control,val
C1012,control,val
C765,control,val
C982,control,val
C121,control,val
C1447,control,val
C76,control,val
C26,control,val
C1737,control,val
C1568,control,val
C1730,control,val
C746,control,val
C1469,control,val
C1313,control,val
C72,control,val
C1435,control,val
C529,control,val
C1755,control,val
C1775,control,val
C1663,control,val
C843,control,val
C1167,control,val
C801,control,val
C1438,control,val
C470,control,val
C740,control,val
C965,control,val
C226,control,val
C455,control,val
C219,control,val
C783,control,val
C354,control,val
C1502,control,val
C88,control,val
C1292,control,val
C1964,control,val
C798,control,val
C1286,control,val
C938,control,val
C422,control,val
C1617,control,val
C1933,control,val
C1175,control,val
C1396,control,val
C1606,control,val
C1608,control,val
C1061,control,val
C90,control,val
C1147,control,val
C893,control,val
C604,control,val
C1657,control,val
C339,control,val
C1368,control,val
C333,control,val
C1825,control,val
C209,control,val
C845,control,val
C1741,control,val
C98,control,val
C697,control,val
C1312,control,val
C457,control,val
C1155,control,val
C844,control,val
C1692,control,val
C338,control,val
C1262,control,val
C1747,control,val
C1060,control,val
C974,control,val
C438,control,val
C789,control,val
C83,control,val
C132,control,val
C295,control,val
C1673,control,val
C1511,control,val
C784,control,val
C150,control,val
C113,control,val
C1874,control,val
C1533,control,val
C669,control,val
C1354,control,val
C99,control,val
C112,control,val
C15,control,val
C223,control,val
C1572,control,val
C759,control,val
C688,control,val
C875,control,val
C489,control,val
C1950,control,val
C437,control,val
C1745,control,val
C964,control,val
C1017,control,val
C165,control,val
C1837,control,val
C1586,control,val
C1179,control,val
C1007,control,val
C241,control,val
C1176,control,val
C1640,control,val
C362,control,val
C249,control,val
C412,control,val
C250,control,val
C1168,control,val
C157,control,val
C1560,control,val
C1635,control,val
C725,control,val
C1514,control,val
C559,control,val
C1513,control,val
C1162,control,val
C563,control,val
C876,control,val
C1813,control,val
C540,control,val
C1806,control,val
C1200,control,val
C1901,control,val
C665,control,val
C64,control,val
C1656,control,val
C1241,control,val
C1856,control,val
C869,control,val
C975,control,val
C988,control,val
C1604,control,val
C1995,control,val
C1427,control,val
C695,control,val
C74,control,val
C1068,control,val
C1116,control,val
C1799,control,val
C1029,control,val
C1751,control,val
C220,control,val
C281,control,val
C899,control,val
C1823,control,val
C600,control,val
C1203,control,val
C936,control,val
C826,control,val
C1119,control,val
C349,control,val
C1053,control,val
C1971,control,val
C1410,control,val
C1106,control,val
C1581,control,val
C1457,control,val
C708,control,test
C668,control,test
C1509,control,test
C1915,control,test
C1554,control,test
C949,control,test
C1047,control,test
C699,control,test
C25,control,test
C1443,control,test
C1758,control,test
C877,control,test
C865,control,test
C1321,control,test
C573,control,test
C94,control,test
C1463,control,test
C1596,control,test
C623,control,test
C1199,control,test
C355,control,test
C1734,control,test
C1913,control,test
C1569,control,test
C574,control,test
C867,control,test
C1440,control,test
C246,control,test
C1005,control,test
C1253,control,test
C234,control,test
C104,control,test
C14,control,test
C92,control,test
C570,control,test
C144,control,test
C928,control,test
C1360,control,test
C1538,control,test
C1272,control,test
C1131,control,test
C1636,control,test
C1704,control,test
C898,control,test
C916,control,test
C1631,control,test
C330,control,test
C689,control,test
C201,control,test
C392,control,test
C734,control,test
C1185,control,test
C1011,control,test
C756,control,test
C1754,control,test
C1461,control,test
C319,control,test
C138,control,test
C1493,control,test
C1835,control,test
C97,control,test
C343,control,test
C530,control,test
C1424,control,test
C1148,control,test
C1883,control,test
C348,control,test
C1858,control,test
C1528,control,test
C265,control,test
C1789,control,test
C811,control,test
C1437,control,test
C1301,control,test
C487,control,test
C548,control,test
C1381,control,test
C1382,control,test
C1614,control,test
C58,control,test
C989,control,test
C732,control,test
C588,control,test
C632,control,test
C122,control,test
C210,control,test
C233,control,test
C277,control,test
C168,control,test
C930,control,test
C417,control,test
C1612,control,test
C1297,control,test
C1579,control,test
C1723,control,test
C1625,control,test
C1456,control,test
C979,control,test
C1543,control,test
C1919,control,test
C1562,control,test
C1177,control,test
C1698,control,test
C1044,control,test
C1580,control,test
C1217,control,test
C1592,control,test
C1675,control,test
C474,control,test
C191,control,test
C1109,control,test
C1791,control,test
C205,control,test
C1777,control,test
C1499,control,test
C275,control,test
C68,control,test
C1820,control,test
C613,control,test
C415,control,test
C329,control,test
C459,control,test
C13,control,test
C1351,control,test
C1288,control,test
C388,control,test
C1115,control,test
C1602,control,test
C858,control,test
C706,control,test
C1849,control,test
C1139,control,test
C1507,control,test
C10,control,test
C1072,control,test
C779,control,test
C1409,control,test
C908,control,test
C820,control,test
C137,control,test
C906,control,test
C1482,control,test
C278,control,test
C943,control,test
C312,control,test
C962,control,test
C1452,control,test
C39,control,test
C287,control,test
C1459,control,test
C768,control,test
C1180,control,test
C1505,control,test
C1121,control,test
C406,control,test
C77,control,test
C680,control,test
C792,control,test
C1772,control,test
C1398,control,test
C847,control,test
C1852,control,test
C1323,control,test
C1196,control,test
C1506,control,test
C520,control,test
C805,control,test
C996,control,test
C1468,control,test
C822,control,test
C1740,control,test
C730,control,test
C1275,control,test
C1306,control,test
C103,control,test
C285,control,test
C1222,control,test
C1613,control,test
C172,control,test
C671,control,test
C133,control,test
C1377,control,test
C419,control,test
C1074,control,test
C310,control,test
C11,control,test
C1369,control,test
C535,control,test
C148,control,test
C816,control,test
C1669,control,test
C562,control,test
C923,control,test
C1320,control,test
C61,control,test
C1804,control,test
C1467,control,test
C896,control,test
C722,control,test
C1848,control,test
C681,control,test
C514,control,test
C1827,control,test
C1332,control,test
C694,control,test
C627,control,test
C615,control,test
C353,control,test
C1521,control,test
C868,control,test
C957,control,test
C441,control,test
C65,control,test
C1787,control,test
C408,control,test
C1646,control,test
C951,control,test
C1838,control,test
C1594,control,test
C583,control,test
C115,control,test
C335,control,test
C1822,control,test
C273,control,test
C309,control,test
C1136,control,test
C1421,control,test
C1183,control,test
C1778,control,test
C1736,control,test
C1098,control,test
C179,control,test
C1095,control,test
C839,control,test
C160,control,test
C1660,control,test
C79,control,test
C1451,control,test
C525,control,test
C591,control,test
C1489,control,test
C192,control,test
C183,control,test
C240,control,test
C1104,control,test
C1639,control,test
C145,control,test
C1219,control,test
C261,control,test
C1494,control,test
C237,control,test
C1318,control,test
C347,control,test
C1084,control,test
C1687,control,test
C883,control,test
C436,control,test
C1120,control,test
C1676,control,test
C350,control,test
C1089,control,test
C997,control,test
C479,control,test
C870,control,test
C831,control,test
C1757,control,test
C1304,control,test
C38,control,test
C1235,control,test
C890,control,test
C1972,control,test
C1954,control,test
C603,control,test
C186,control,test
C1664,control,test
C1063,control,test
C452,control,test
C147,control,test
C1610,control,test
C1733,control,test
C1707,control,test
C1788,control,test
C1859,control,test
C1753,control,test
C1892,control,test
C382,control,test
C524,control,test
C123,control,test
C1841,control,test
C1244,control,test
C675,control,test
C755,control,test
C1556,control,test
C1870,control,test
C1497,control,test
C884,control,test
C1661,control,test
C853,control,test
C423,control,test
C254,control,test
I1467,injury,train
I1769,injury,train
I288,injury,train
I300,injury,train
I1617,injury,train
I436,injury,train
I1542,injury,train
I11,injury,train
I1976,injury,train
I755,injury,train
I1168,injury,train
I1823,injury,train
I1125,injury,train
I1633,injury,train
I976,injury,train
I1053,injury,train
I567,injury,train
I692,injury,train
I1292,injury,train
I704,injury,train
I661,injury,train
I1067,injury,train
I486,injury,train
I1984,injury,train
I892,injury,train
I910,injury,train
I1889,injury,train
I137,injury,train
I1933,injury,train
I1877,injury,train
I647,injury,train
I05,injury,train
I483,injury,train
I737,injury,train
I1101,injury,train
I743,injury,train
I1423,injury,train
I92,injury,train
I919,injury,train
I1587,injury,train
I340,injury,train
I1883,injury,train
I432,injury,train
I95,injury,train
I520,injury,train
I1631,injury,train
I1452,injury,train
I108,injury,train
I353,injury,train
I1566,injury,train
I862,injury,train
I993,injury,train
I1045,injury,train
I1586,injury,train
I1347,injury,train
I1098,injury,train
I726,injury,train
I401,injury,train
I1809,injury,train
I1284,injury,train
I1802,injury,train
I71,injury,train
I1669,injury,train
I1625,injury,train
I1190,injury,train
I702,injury,train
I246,injury,train
I572,injury,train
I1910,injury,train
I745,injury,train
I458,injury,train
I994,injury,train
I399,injury,train
I1498,injury,train
I1999,injury,train
I1849,injury,train
I1701,injury,train
I1852,injury,train
I169,injury,train
I140,injury,train
I1501,injury,train
I806,injury,train
I1339,injury,train
I1389,injury,train
I677,injury,train
I1805,injury,train
I497,injury,train
I375,injury,train
I959,injury,train
I286,injury,train
I1825,injury,train
I1029,injury,train
I517,injury,train
I1034,injury,train
I1268,injury,train
I07,injury,train
I1246,injury,train
I1187,injury,train
I1229,injury,train
I1536,injury,train
I881,injury,train
I1916,injury,train
I1828,injury,train
I978,injury,train
I1356,injury,train
I396,injury,train
I1923,injury,train
I1225,injury,train
I1652,injury,train
I1206,injury,train
I1811,injury,train
I1319,injury,train
I1048,injury,train
I714,injury,train
I1404,injury,train
I58,injury,train
I969,injury,train
I1266,injury,train
I1169,injury,train
I142,injury,train
I893,injury,train
I88,injury,train
I1659,injury,train
I155,injury,train
I525,injury,train
I944,injury,train
I962,injury,train
I1255,injury,train
I1375,injury,train
I1778,injury,train
I1348,injury,train
I414,injury,train
I1293,injury,train
I1171,injury,train
I1005,injury,train
I1640,injury,train
I494,injury,train
I1690,injury,train
I1986,injury,train
I1712,injury,train
I179,injury,train
I184,injury,train
I801,injury,train
I440,injury,train
I1032,injury,train
I1106,injury,train
I1160,injury,train
I94,injury,train
I1442,injury,train
I789,injury,train
I827,injury,train
I1340,injury,train
I882,injury,train
I86,injury,train
I1829,injury,train
I909,injury,train
I1230,injury,train
I1549,injury,train
I1185,injury,train
I424,injury,train
I154,injury,train
I1939,injury,train
I984,injury,train
I1637,injury,train
I549,injury,train
I1280,injury,train
I1891,injury,train
I1121,injury,train
I830,injury,train
I617,injury,train
I1055,injury,train
I273,injury,train
I1526,injury,train
I1869,injury,train
I1699,injury,train
I1131,injury,train
I1980,injury,train
I719,injury,train
I1179,injury,train
I689,injury,train
I896,injury,train
I387,injury,train
I357,injury,train
I308,injury,train
I292,injury,train
I1182,injury,train
I607,injury,train
I1798,injury,train
I380,injury,train
I185,injury,train
I1478,injury,train
I1298,injury,train
I91,injury,train
I478,injury,train
I1902,injury,train
I77,injury,train
I31,injury,train
I1037,injury,train
I1411,injury,train
I02,injury,train
I1935,injury,train
I1364,injury,train
I1555,injury,train
I648,injury,train
I1082,injury,train
I1681,injury,train
I189,injury,train
I1914,injury,train
I569,injury,train
I1095,injury,train
I1134,injury,train
I1858,injury,train
I644,injury,train
I972,injury,train
I1459,injury,train
I1754,injury,train
I1338,injury,train
I747,injury,train
I668,injury,train
I1446,injury,train
I1885,injury,train
I1558,injury,train
I1099,injury,train
I33,injury,train
I1069,injury,train
I493,injury,train
I1683,injury,train
I709,injury,train
I746,injury,train
I826,injury,train
I1482,injury,train
I61,injury,train
I1376,injury,train
I337,injury,train
I1563,injury,train
I933,injury,train
I1601,injury,train
I1070,injury,train
I1774,injury,train
I1546,injury,train
I1430,injury,train
I177,injury,train
I1096,injury,train
I393,injury,train
I1768,injury,train
I1565,injury,train
I1876,injury,train
I915,injury,train
I794,injury,train
I1112,injury,train
I731,injury,train
I1241,injury,train
I1760,injury,train
I456,injury,train
I1615,injury,train
I952,injury,train
I1220,injury,train
I596,injury,train
I1453,injury,train
I552,injury,train
I1547,injury,train
I464,injury,train
I391,injury,train
I1333,injury,train
I420,injury,train
I771,injury,train
I426,injury,train
I1486,injury,train
I618,injury,train
I1477,injury,train
I699,injury,train
I82,injury,train
I722,injury,train
I1879,injury,train
I1042,injury,train
I45,injury,train
I232,injury,train
I898,injury,train
I430,injury,train
I1138,injury,train
I1645,injury,train
I194,injury,train
I1812,injury,train
I1737,injury,train
I1512,injury,train
I492,injury,train
I738,injury,train
I986,injury,train
I897,injury,train
I1174,injury,train
I1653,injury,train
I1550,injury,train
I1679,injury,train
I1003,injury,train
I697,injury,train
I1981,injury,train
I566,injury,train
I186,injury,train
I1215,injury,train
I1795,injury,train
I1719,injury,train
I178,injury,train
I26,injury,train
I571,injury,train
I1727,injury,train
I1911,injury,train
I807,injury,train
I85,injury,train
I1050,injury,train
I519,injury,train
I1022,injury,train
I1772,injury,train
I43,injury,train
I534,injury,train
I403,injury,train
I991,injury,train
I1475,injury,train
I1966,injury,train
I842,injury,train
I1903,injury,train
I532,injury,train
I1316,injury,train
I1702,injury,train
I1227,injury,train
I78,injury,train
I73,injury,train
I593,injury,train
I1263,injury,train
I1212,injury,train
I1303,injury,train
I858,injury,train
I1516,injury,train
I152,injury,train
I468,injury,train
I305,injury,train
I129,injury,train
I1122,injury,train
I1522,injury,train
I1084,injury,train
I1196,injury,train
I461,injury,train
I416,injury,train
I529,injury,train
I1157,injury,train
I1610,injury,train
I47,injury,train
I630,injury,train
I451,injury,train
I595,injury,train
I111,injury,train
I252,injury,train
I1051,injury,train
I450,injury,train
I374,injury,train
I1569,injury,train
I1111,injury,train
I918,injury,train
I1804,injury,train
I563,injury,train
I1072,injury,train
I165,injury,train
I485,injury,train
I694,injury,train
I1539,injury,train
I1507,injury,train
I703,injury,train
I640,injury,train
I1523,injury,train
I873,injury,train
I1081,injury,train
I1236,injury,train
I1256,injury,train
I496,injury,train
I1691,injury,train
I332,injury,train
I665,injury,train
I255,injury,train
I635,injury,train
I1211,injury,train
I1379,injury,train
I1213,injury,train
I29,injury,train
I829,injury,train
I548,injury,train
I1382,injury,train
I676,injury,train
I1708,injury,train
I1124,injury,train
I963,injury,train
I1524,injury,train
I459,injury,train
I1822,injury,train
I445,injury,train
I1075,injury,train
I1085,injury,train
I434,injury,train
I813,injury,train
I1989,injury,train
I1483,injury,train
I935,injury,train
I1810,injury,train
I870,injury,train
I57,injury,train
I1088,injury,train
I854,injury,train
I314,injury,train
I1394,injury,train
I1495,injury,train
I176,injury,train
I685,injury,train
I1232,injury,train
I1960,injury,train
I1018,injury,train
I474,injury,train
I1932,injury,train
I1000,injury,train
I1508,injury,train
I653,injury,train
I889,injury,train
I1667,injury,train
I582,injury,train
I1612,injury,train
I1784,injury,train
I780,injury,train
I1242,injury,train
I1235,injury,train
I1317,injury,train
I136,injury,train
I850,injury,train
I1613,injury,train
I1787,injury,train
I914,injury,train
I230,injury,train
I837,injury,train
I587,injury,train
I797,injury,train
I38,injury,train
I1135,injury,train
I215,injury,train
I1145,injury,train
I594,injury,train
I623,injury,train
I1977,injury,train
I199,injury,train
I285,injury,train
I1767,injury,train
I1973,injury,train
I1894,injury,train
I1961,injury,train
I395,injury,train
I376,injury,train
I1807,injury,train
I269,injury,train
I1332,injury,train
I763,injury,train
I1445,injury,train
I662,injury,train
I1400,injury,train
I502,injury,train
I366,injury,train
I809,injury,train
I190,injury,train
I1864,injury,train
I785,injury,train
I989,injury,train
I171,injury,train
I37,injury,train
I56,injury,train
I1223,injury,train
I1100,injury,train
I1117,injury,train
I1992,injury,train
I531,injury,train
I1590,injury,train
I805,injury,train
I503,injury,train
I741,injury,train
I338,injury,train
I1814,injury,train
I303,injury,train
I79,injury,train
I1444,injury,train
I97,injury,train
I1630,injury,train
I1449,injury,train
I943,injury,train
I231,injury,train
I1739,injury,train
I1762,injury,train
I83,injury,train
I166,injury,train
I961,injury,train
I449,injury,train
I851,injury,train
I1358,injury,train
I949,injury,train
I973,injury,train
I1146,injury,train
I988,injury,train
I298,injury,train
I1184,injury,train
I1384,injury,train
I775,injury,train
I787,injury,train
I951,injury,train
I1707,injury,train
I1953,injury,train
I1431,injury,train
I1136,injury,train
I521,injury,train
I605,injury,train
I1532,injury,train
I1850,injury,train
I1724,injury,train
I1839,injury,train
I482,injury,train
I438,injury,train
I1709,injury,train
I1585,injury,train
I282,injury,train
I636,injury,train
I518,injury,train
I1930,injury,train
I760,injury,train
I553,injury,train
I1006,injury,train
I435,injury,train
I402,injury,train
I1975,injury,train
I612,injury,train
I1473,injury,train
I452,injury,train
I1366,injury,train
I1463,injury,train
I1568,injury,train
I1474,injury,train
I527,injury,train
I556,injury,train
I1834,injury,train
I1002,injury,train
I1764,injury,train
I1458,injury,train
I1092,injury,train
I1788,injury,train
I561,injury,train
I1323,injury,train
I21,injury,train
I705,injury,train
I1777,injury,train
I427,injury,train
I04,injury,train
I125,injury,train
I103,injury,train
I1243,injury,train
I720,injury,train
I410,injury,train
I41,injury,train
I1962,injury,train
I267,injury,train
I1189,injury,train
I134,injury,train
I947,injury,train
I1083,injury,train
I469,injury,train
I62,injury,train
I616,injury,train
I131,injury,train
I1484,injury,train
I925,injury,train
I1044,injury,train
I922,injury,train
I1147,injury,train
I1525,injury,train
I1537,injury,train
I584,injury,train
I1359,injury,train
I1314,injury,train
I1455,injury,train
I680,injury,train
I1133,injury,train
I1803,injury,train
I316,injury,train
I249,injury,train
I1247,injury,train
I146,injury,train
I206,injury,train
I1734,injury,train
I742,injury,train
I421,injury,train
I1997,injury,train
I1009,injury,train
I759,injury,train
I536,injury,train
I1063,injury,train
I406,injury,train
I1362,injury,train
I982,injury,train
I150,injury,train
I757,injury,train
I581,injury,train
I50,injury,train
I237,injury,train
I1267,injury,train
I1711,injury,train
I513,injury,train
I1863,injury,train
I1028,injury,train
I1562,injury,train
I1408,injury,train
I1324,injury,train
I242,injury,train
I121,injury,train
I1402,injury,train
I804,injury,train
I330,injury,train
I1955,injury,train
I1775,injury,train
I1178,injury,train
I1597,injury,train
I331,injury,train
I624,injury,train
I798,injury,train
I1395,injury,train
I917,injury,train
I821,injury,train
I70,injury,train
I1638,injury,train
I545,injury,train
I1318,injury,train
I106,injury,train
I674,injury,train
I557,injury,train
I1392,injury,train
I960,injury,train
I1438,injury,train
I466,injury,train
I1161,injury,train
I1942,injury,train
I1982,injury,train
I1786,injury,train
I1900,injury,train
I777,injury,train
I1386,injury,train
I659,injury,train
I1104,injury,train
I383,injury,train
I667,injury,train
I1240,injury,train
I979,injury,train
I1436,injury,train
I1957,injury,train
I1835,injury,train
I1331,injury,train
I1928,injury,train
I725,injury,train
I350,injury,train
I1643,injury,train
I641,injury,train
I1994,injury,train
I1342,injury,train
I149,injury,train
I817,injury,train
I118,injury,train
I860,injury,train
I1065,injury,train
I1927,injury,train
I69,injury,train
I754,injury,train
I477,injury,train
I625,injury,train
I1946,injury,train
I192,injury,train
I1765,injury,train
I1231,injury,train
I294,injury,train
I1678,injury,train
I362,injury,train
I465,injury,train
I489,injury,train
I1841,injury,train
I906,injury,train
I1872,injury,train
I1964,injury,train
I1626,injury,train
I793,injury,train
I1990,injury,train
I1906,injury,train
I1846,injury,train
I339,injury,train
I1736,injury,train
I315,injury,train
I1592,injury,train
I1439,injury,train
I1676,injury,train
I999,injury,train
I418,injury,train
I287,injury,train
I274,injury,train
I1374,injury,train
I1725,injury,train
I1378,injury,train
I504,injury,train
I1658,injury,train
I1606,injury,train
I222,injury,train
I1947,injury,train
I63,injury,train
I1582,injury,train
I756,injury,train
I1405,injury,train
I783,injury,train
I208,injury,train
I1074,injury,train
I1302,injury,train
I1670,injury,train
I832,injury,train
I491,injury,train
I681,injury,train
I1151,injury,train
I1639,injury,train
I542,injury,train
I127,injury,train
I1175,injury,train
I923,injury,train
I740,injury,train
I1696,injury,train
I802,injury,train
I570,injury,train
I407,injury,train
I168,injury,train
I1919,injury,train
I429,injury,train
I1742,injury,train
I1857,injury,train
I139,injury,train
I1368,injury,train
I1620,injury,train
I1654,injury,train
I498,injury,train
I1154,injury,train
I1703,injury,train
I81,injury,train
I279,injury,train
I615,injury,train
I1176,injury,train
I328,injury,train
I932,injury,train
I334,injury,train
I875,injury,train
I128,injury,train
I101,injury,train
I327,injury,train
I700,injury,train
I929,injury,train
I1252,injury,train
I260,injury,train
I1655,injury,train
I1938,injury,train
I256,injury,train
I1591,injury,train
I948,injury,train
I599,injury,train
I130,injury,train
I1108,injury,train
I495,injury,train
I1079,injury,train
I1510,injury,train
I1593,injury,train
I446,injury,train
I1663,injury,train
I1671,injury,train
I651,injury,train
I1848,injury,train
I384,injury,train
I159,injury,train
I297,injury,train
I1749,injury,train
I1662,injury,train
I505,injury,train
I354,injury,train
I325,injury,train
I803,injury,train
I1198,injury,train
I975,injury,train
I1228,injury,train
I1733,injury,train
I490,injury,train
I912,injury,train
I574,injury,train
I1420,injury,train
I1968,injury,train
I1428,injury,train
I52,injury,train
I838,injury,train
I638,injury,train
I116,injury,train
I162,injury,train
I628,injury,train
I311,injury,train
I816,injury,train
I592,injury,train
I1019,injury,train
I1575,injury,train
I250,injury,train
I1860,injury,train
I361,injury,train
I970,injury,train
I1535,injury,train
I1454,injury,train
I1602,injury,train
I1355,injury,train
I1370,injury,train
I1469,injury,train
I443,injury,train
I890,injury,train
I1248,injury,train
I609,injury,train
I1622,injury,train
I876,injury,train
I173,injury,train
I934,injury,train
I13,injury,train
I463,injury,train
I1031,injury,train
I245,injury,train
I734,injury,train
I931,injury,train
I610,injury,train
I1277,injury,train
I1269,injury,train
I425,injury,train
I546,injury,train
I254,injury,train
I1304,injury,train
I388,injury,train
I590,injury,train
I987,injury,train
I1649,injury,train
I417,injury,train
I620,injury,train
I216,injury,train
I1102,injury,train
I1012,injury,train
I364,injury,train
I1730,injury,train
I885,injury,train
I238,injury,train
I1043,injury,train
I530,injury,train
I1567,injury,train
I268,injury,train
I1635,injury,train
I68,injury,train
I1288,injury,train
I1713,injury,train
I1177,injury,train
I1509,injury,train
I1412,injury,train
I1560,injury,train
I721,injury,train
I1245,injury,train
I1429,injury,train
I284,injury,train
I711,injury,train
I767,injury,train
I1922,injury,train
I1496,injury,train
I1345,injury,train
I1047,injury,train
I670,injury,train
I770,injury,train
I808,injury,train
I291,injury,train
I631,injury,train
I749,injury,train
I1470,injury,train
I1016,injury,train
I1682,injury,train
I1357,injury,train
I1918,injury,train
I1437,injury,train
I1695,injury,train
I313,injury,train
I157,injury,train
I1119,injury,train
I1173,injury,train
I1156,injury,train
I1343,injury,train
I263,injury,train
I591,injury,train
I08,injury,train
I1194,injury,train
I113,injury,train
I23,injury,train
I1987,injury,train
I528,injury,train
I1264,injury,train
I1971,injury,train
I1286,injury,train
I1309,injury,train
I1341,injury,train
I397,injury,train
I1840,injury,train
I938,injury,train
I272,injury,train
I01,injury,train
I1559,injury,train
I64,injury,train
I1882,injury,train
I1759,injury,train
I1779,injury,train
I550,injury,train
I1350,injury,train
I1500,injury,train
I1418,injury,train
I1573,injury,train
I1689,injury,train
I1150,injury,train
I1397,injury,train
I1641,injury,train
I1143,injury,train
I1634,injury,train
I258,injury,train
I44,injury,train
I895,injury,train
I10,injury,train
I1618,injury,train
I1934,injury,train
I1097,injury,train
I604,injury,train
I966,injury,train
I1651,injury,train
I766,injury,train
I409,injury,train
I841,injury,train
I716,injury,train
I1830,injury,train
I233,injury,train
I359,injury,train
I431,injury,train
I957,injury,train
I621,injury,train
I872,injury,train
I1344,injury,train
I234,injury,train
I378,injury,train
I1149,injury,train
I1290,injury,train
I839,injury,train
I1917,injury,train
I1300,injury,train
I799,injury,train
I1017,injury,train
I795,injury,train
I224,injury,train
I1865,injury,train
I1704,injury,train
I1353,injury,train
I1684,injury,train
I422,injury,train
I764,injury,train
I820,injury,train
I1238,injury,train
I921,injury,train
I871,injury,train
I1036,injury,train
I307,injury,train
I1391,injury,train
I28,injury,train
I1505,injury,train
I1123,injury,train
I204,injury,train
I191,injury,train
I1451,injury,train
I1878,injury,train
I1218,injury,train
I09,injury,train
I207,injury,train
I1373,injury,train
I1014,injury,train
I1330,injury,train
I66,injury,train
I663,injury,train
I1250,injury,train
I1203,injury,train
I1905,injury,train
I1886,injury,train
I1521,injury,train
I1159,injury,train
I2000,injury,train
I1722,injury,train
I479,injury,train
I1007,injury,train
I1272,injury,train
I1605,injury,train
I784,injury,train
I1068,injury,train
I629,injury,train
I1327,injury,train
I1925,injury,train
I1393,injury,train
I523,injury,train
I1447,injury,train
I1253,injury,train
I1030,injury,train
I1944,injury,train
I1514,injury,train
I693,injury,train
I1387,injury,train
I1377,injury,train
I1820,injury,train
I1854,injury,train
I739,injury,train
I54,injury,train
I1476,injury,train
I1434,injury,train
I1163,injury,train
I1233,injury,train
I953,injury,train
I558,injury,train
I1164,injury,train
I861,injury,train
I715,injury,train
I732,injury,train
I1401,injury,train
I1827,injury,train
I1407,injury,train
I836,injury,train
I1114,injury,train
I22,injury,train
I1152,injury,train
I1887,injury,train
I174,injury,train
I696,injury,train
I834,injury,train
I1105,injury,train
I1222,injury,train
I769,injury,train
I603,injury,train
I1783,injury,train
I1396,injury,train
I1912,injury,train
I733,injury,train
I172,injury,train
I1224,injury,train
I1577,injury,train
I1873,injury,train
I1465,injury,train
I1064,injury,train
I1504,injury,train
I541,injury,train
I657,injury,train
I1008,injury,train
I1619,injury,train
I351,injury,train
I1731,injury,train
I1818,injury,train
I1901,injury,train
I887,injury,train
I730,injury,train
I1564,injury,train
I1456,injury,train
I564,injury,train
I214,injury,train
I1167,injury,train
I1265,injury,train
I119,injury,train
I1642,injury,train
I369,injury,train
I1609,injury,train
I276,injury,train
I945,injury,train
I1561,injury,train
I1661,injury,train
I723,injury,train
I109,injury,train
I1958,injury,train
I293,injury,train
I153,injury,train
I774,injury,train
I845,injury,train
I928,injury,train
I1195,injury,train
I301,injury,train
I1011,injury,train
I886,injury,train
I1073,injury,train
I460,injury,train
I1636,injury,train
I323,injury,train
I280,injury,train
I220,injury,train
I997,injury,train
I363,injury,train
I1758,injury,train
I1763,injury,train
I304,injury,train
I1107,injury,train
I27,injury,train
I1672,injury,train
I60,injury,train
I181,injury,train
I577,injury,train
I1208,injury,train
I1715,injury,train
I1656,injury,train
I1432,injury,train
I1570,injury,train
I1970,injury,train
I1210,injury,train
I1893,injury,train
I1226,injury,train
I956,injury,train
I965,injury,train
I89,injury,train
I1781,injury,train
I72,injury,train
I877,injury,train
I1950,injury,train
I1875,injury,train
I1337,injury,train
I318,injury,train
I53,injury,train
I1132,injury,train
I782,injury,train
I345,injury,train
I753,injury,train
I1599,injury,train
I484,injury,train
I511,injury,train
I1794,injury,train
I1688,injury,train
I791,injury,train
I1717,injury,train
I1836,injury,train
I852,injury,train
I544,injury,train
I1349,injury,train
I684,injury,train
I788,injury,train
I930,injury,train
I1757,injury,train
I1485,injury,train
I1021,injury,train
I613,injury,train
I736,injury,train
I90,injury,train
I1766,injury,train
I457,injury,train
I1503,injury,train
I825,injury,train
I444,injury,train
I342,injury,train
I75,injury,train
I540,injury,train
I247,injury,train
I36,injury,train
I878,injury,train
I1680,injury,train
I1201,injury,train
I1666,injury,train
I1369,injury,train
I324,injury,train
I1273,injury,train
I1415,injury,train
I1782,injury,train
I1271,injury,train
I105,injury,train
I400,injury,train
I589,injury,train
I1466,injury,train
I1237,injury,train
I1093,injury,train
I1285,injury,train
I84,injury,train
I355,injury,train
I1816,injury,train
I1623,injury,train
I1616,injury,train
I547,injury,train
I649,injury,train
I1080,injury,train
I778,injury,train
I326,injury,train
I226,injury,train
I1158,injury,train
I855,injury,train
I419,injury,train
I848,injury,train
I1488,injury,train
I927,injury,train
I1421,injury,train
I241,injury,train
I828,injury,train
I971,injury,train
I1251,injury,train
I296,injury,train
I964,injury,train
I18,injury,train
I1716,injury,train
I1403,injury,train
I913,injury,train
I812,injury,train
I1471,injury,train
I306,injury,train
I1217,injury,train
I941,injury,train
I1595,injury,train
I655,injury,train
I217,injury,train
I1261,injury,train
I1792,injury,train
I846,injury,train
I880,injury,train
I1450,injury,train
I196,injury,train
I1435,injury,train
I560,injury,train
I773,injury,train
I819,injury,train
I1674,injury,train
I1443,injury,train
I1120,injury,train
I183,injury,train
I1855,injury,train
I501,injury,train
I575,injury,train
I138,injury,train
I487,injury,train
I182,injury,train
I512,injury,train
I937,injury,train
I883,injury,train
I992,injury,train
I643,injury,train
I974,injury,train
I728,injury,train
I1354,injury,train
I995,injury,train
I370,injury,train
I321,injury,train
I156,injury,train
I1859,injury,train
I1740,injury,train
I1115,injury,train
I843,injury,train
I1693,injury,train
I707,injury,train
I1718,injury,train
I1170,injury,train
I1862,injury,train
I1207,injury,train
I1660,injury,train
I1644,injury,train
I1705,injury,train
I904,injury,train
I1367,injury,train
I1751,injury,train
I1579,injury,train
I1360,injury,train
I1745,injury,train
I1109,injury,train
I1281,injury,train
I980,injury,train
I96,injury,train
I225,injury,train
I1735,injury,train
I1603,injury,train
I1311,injury,train
I903,injury,train
I201,injury,train
I1410,injury,train
I1299,injury,train
I856,injury,train
I1142,injury,train
I309,injury,train
I580,injury,train
I1383,injury,train
I1139,injury,train
I352,injury,train
I1239,injury,train
I15,injury,train
I1214,injury,train
I413,injury,train
I698,injury,train
I1533,injury,train
I87,injury,train
I1898,injury,train
I261,injury,train
I1845,injury,train
I367,injury,train
I319,injury,train
I221,injury,train
I1831,injury,train
I1908,injury,train
I1624,injury,train
I34,injury,train
I537,injury,train
I1126,injury,train
I46,injury,train
I1556,injury,train
I1998,injury,train
I1780,injury,train
I1629,injury,train
I1692,injury,train
I1832,injury,train
I1033,injury,train
I1952,injury,train
I275,injury,train
I100,injury,train
I652,injury,train
I506,injury,train
I1490,injury,train
I1517,injury,train
I1594,injury,train
I1844,injury,train
I634,injury,train
I195,injury,train
I1544,injury,train
I1548,injury,train
I1216,injury,train
I349,injury,train
I1871,injury,train
I239,injury,train
I1720,injury,train
I1664,injury,train
I471,injury,train
I1278,injury,train
I197,injury,train
I151,injury,train
I1534,injury,train
I1576,injury,train
I99,injury,train
I1270,injury,train
I510,injury,train
I1506,injury,train
I341,injury,train
I814,injury,train
I998,injury,train
I1320,injury,train
I1969,injury,train
I42,injury,train
I348,injury,train
I1001,injury,train
I507,injury,train
I244,injury,train
I1188,injury,train
I1936,injury,train
I1861,injury,train
I98,injury,train
I40,injury,train
I164,injury,train
I1790,injury,train
I1087,injury,train
I49,injury,train
I642,injury,train
I1632,injury,train
I1773,injury,train
I1732,injury,train
I423,injury,train
I863,injury,train
I1352,injury,train
I1726,injury,train
I1409,injury,train
I654,injury,train
I942,injury,train
I1604,injury,train
I356,injury,train
I408,injury,train
I1951,injury,train
I1527,injury,train
I03,injury,train
I372,injury,train
I295,injury,train
I1025,injury,train
I656,injury,train
I899,injury,train
I1180,injury,train
I690,injury,train
I1425,injury,train
I1789,injury,train
I218,injury,train
I533,injury,train
I1468,injury,train
I120,injury,train
I104,injury,train
I713,injury,train
I240,injury,train
I382,injury,train
I415,injury,train
I1697,injury,train
I1937,injury,train
I51,injury,train
I253,injury,train
I123,injury,train
I1024,injury,train
I1059,injury,train
I586,injury,train
I688,injury,train
I1287,injury,train
I385,injury,val
I894,injury,val
I412,injury,val
I1945,injury,val
I368,injury,val
I437,injury,val
I1826,injury,val
I67,injury,val
I1489,injury,val
I682,injury,val
I1868,injury,val
I110,injury,val
I954,injury,val
I1746,injury,val
I1035,injury,val
I1493,injury,val
I122,injury,val
I1924,injury,val
I1571,injury,val
I810,injury,val
I981,injury,val
I1487,injury,val
I1325,injury,val
I718,injury,val
I1296,injury,val
I824,injury,val
I16,injury,val
I1326,injury,val
I160,injury,val
I1413,injury,val
I453,injury,val
I1821,injury,val
I24,injury,val
I847,injury,val
I1234,injury,val
I781,injury,val
I124,injury,val
I1714,injury,val
I779,injury,val
I198,injury,val
I1553,injury,val
I248,injury,val
I666,injury,val
I650,injury,val
I488,injury,val
I278,injury,val
I76,injury,val
I1056,injury,val
I1963,injury,val
I1315,injury,val
I983,injury,val
I859,injury,val
I1985,injury,val
I1071,injury,val
I835,injury,val
I967,injury,val
I454,injury,val
I317,injury,val
I411,injury,val
I1728,injury,val
I74,injury,val
I1499,injury,val
I262,injury,val
I102,injury,val
I1607,injury,val
I1518,injury,val
I1771,injury,val
I646,injury,val
I1856,injury,val
I735,injury,val
I1874,injury,val
I1129,injury,val
I946,injury,val
I1694,injury,val
I1427,injury,val
I1909,injury,val
I193,injury,val
I346,injury,val
I212,injury,val
I1611,injury,val
I765,injury,val
I1329,injury,val
I639,injury,val
I1921,injury,val
I1710,injury,val
I905,injury,val
I1880,injury,val
I1440,injury,val
I1416,injury,val
I112,injury,val
I1457,injury,val
I955,injury,val
I879,injury,val
I344,injury,val
I990,injury,val
I1881,injury,val
I1892,injury,val
I1668,injury,val
I1426,injury,val
I1988,injury,val
I1956,injury,val
I920,injury,val
I428,injury,val
I360,injury,val
I1552,injury,val
I900,injury,val
I1540,injury,val
I1010,injury,val
I1140,injury,val
I1813,injury,val
I1843,injury,val
I373,injury,val
I1913,injury,val
I1328,injury,val
I606,injury,val
I1589,injury,val
I441,injury,val
I516,injury,val
I390,injury,val
I12,injury,val
I1515,injury,val
I500,injury,val
I1046,injury,val
I1756,injury,val
I869,injury,val
I1259,injury,val
I1491,injury,val
I1723,injury,val
I1853,injury,val
I538,injury,val
I1390,injury,val
I526,injury,val
I1091,injury,val
I1399,injury,val
I1219,injury,val
I1791,injury,val
I1480,injury,val
I792,injury,val
I1698,injury,val
I266,injury,val
I1729,injury,val
I1627,injury,val
I1481,injury,val
I289,injury,val
I1596,injury,val
I672,injury,val
I1346,injury,val
I633,injury,val
I470,injury,val
I1052,injury,val
I1257,injury,val
I1608,injury,val
I1186,injury,val
I1137,injury,val
I691,injury,val
I1254,injury,val
I1750,injury,val
I1743,injury,val
I1755,injury,val
I114,injury,val
I1588,injury,val
I578,injury,val
I481,injury,val
I236,injury,val
I535,injury,val
I1027,injury,val
I1502,injury,val
I1943,injury,val
I126,injury,val
I524,injury,val
I1675,injury,val
I1959,injury,val
I1580,injury,val
I1461,injury,val
I336,injury,val
I708,injury,val
I597,injury,val
I211,injury,val
I632,injury,val
I683,injury,val
I1279,injury,val
I1192,injury,val
I1260,injury,val
I601,injury,val
I1744,injury,val
I679,injury,val
I358,injury,val
I144,injury,val
I1867,injury,val
I386,injury,val
I1153,injury,val
I1741,injury,val
I439,injury,val
I1334,injury,val
I1371,injury,val
I39,injury,val
I1949,injury,val
I833,injury,val
I1023,injury,val
I1530,injury,val
I1543,injury,val
I867,injury,val
I1464,injury,val
I1363,injury,val
I277,injury,val
I1657,injury,val
I1351,injury,val
I1040,injury,val
I1076,injury,val
I772,injury,val
I539,injury,val
I1041,injury,val
I1972,injury,val
I1494,injury,val
I864,injury,val
I322,injury,val
I1650,injury,val
I508,injury,val
I1541,injury,val
I223,injury,val
I209,injury,val
I543,injury,val
I265,injury,val
I1361,injury,val
I472,injury,val
I1752,injury,val
I1118,injury,val
I1144,injury,val
I251,injury,val
I1497,injury,val
I744,injury,val
I1819,injury,val
I1289,injury,val
I776,injury,val
I55,injury,val
I701,injury,val
I907,injury,val
I392,injury,val
I1920,injury,val
I1155,injury,val
I1307,injury,val
I717,injury,val
I1899,injury,val
I748,injury,val
I1621,injury,val
I1094,injury,val
I59,injury,val
I712,injury,val
I1926,injury,val
I188,injury,val
I1940,injury,val
I936,injury,val
I924,injury,val
I1191,injury,val
I1020,injury,val
I1110,injury,val
I257,injury,val
I687,injury,val
I1424,injury,val
I1039,injury,val
I868,injury,val
I1648,injury,val
I381,injury,val
I1748,injury,val
I1888,injury,val
I1584,injury,val
I559,injury,val
I522,injury,val
I509,injury,val
I1931,injury,val
I751,injury,val
I1200,injury,val
I1974,injury,val
I758,injury,val
I1365,injury,val
I902,injury,val
I1528,injury,val
I302,injury,val
I583,injury,val
I1294,injury,val
I671,injury,val
I1128,injury,val
I985,injury,val
I1062,injury,val
I1313,injury,val
I1554,injury,val
I1199,injury,val
I1753,injury,val
I1381,injury,val
I227,injury,val
I514,injury,val
I724,injury,val
I270,injury,val
I1197,injury,val
I1706,injury,val
I1193,injury,val
I1166,injury,val
I1283,injury,val
I1441,injury,val
I1847,injury,val
I135,injury,test
I849,injury,test
I1013,injury,test
I1448,injury,test
I1979,injury,test
I1209,injury,test
I243,injury,test
I1221,injury,test
I442,injury,test
I1978,injury,test
I365,injury,test
I299,injury,test
I1545,injury,test
I1172,injury,test
I678,injury,test
I1162,injury,test
I161,injury,test
I1306,injury,test
I65,injury,test
I1915,injury,test
I1057,injury,test
I1574,injury,test
I888,injury,test
I163,injury,test
I1181,injury,test
I1130,injury,test
I1141,injury,test
I1965,injury,test
I1895,injury,test
I996,injury,test
I1614,injury,test
I455,injury,test
I117,injury,test
I1015,injury,test
I598,injury,test
I1929,injury,test
I752,injury,test
I1824,injury,test
I614,injury,test
I790,injury,test
I1460,injury,test
I568,injury,test
I1322,injury,test
I210,injury,test
I1721,injury,test
I14,injury,test
I405,injury,test
I585,injury,test
I891,injury,test
I1038,injury,test
I1600,injury,test
I1738,injury,test
I1815,injury,test
I1078,injury,test
I371,injury,test
I229,injury,test
I93,injury,test
I1896,injury,test
I25,injury,test
I200,injury,test
I977,injury,test
I143,injury,test
I175,injury,test
I608,injury,test
I1806,injury,test
I213,injury,test
I786,injury,test
I1797,injury,test
I645,injury,test
I259,injury,test
I1884,injury,test
I1685,injury,test
I1462,injury,test
I729,injury,test
I335,injury,test
I800,injury,test
I916,injury,test
I1967,injury,test
I1581,injury,test
I911,injury,test
I30,injury,test
I290,injury,test
I398,injury,test
I958,injury,test
I562,injury,test
I283,injury,test
I1842,injury,test
I1995,injury,test
I695,injury,test
I310,injury,test
I467,injury,test
I06,injury,test
I404,injury,test
I554,injury,test
I1954,injury,test
I1904,injury,test
I1513,injury,test
I115,injury,test
I147,injury,test
I1851,injury,test
I950,injury,test
I133,injury,test
I1275,injury,test
I347,injury,test
I675,injury,test
I573,injury,test
I475,injury,test
I17,injury,test
I379,injury,test
I823,injury,test
I476,injury,test
I1557,injury,test
I1996,injury,test
I579,injury,test
I761,injury,test
I1204,injury,test
I1647,injury,test
I1511,injury,test
I180,injury,test
I619,injury,test
I203,injury,test
I312,injury,test
I588,injury,test
I818,injury,test
I874,injury,test
I433,injury,test
I939,injury,test
I1244,injury,test
I611,injury,test
I1414,injury,test
I228,injury,test
I1801,injury,test
I853,injury,test
I1061,injury,test
I1398,injury,test
I170,injury,test
I926,injury,test
I669,injury,test
I664,injury,test
I148,injury,test
I1026,injury,test
I219,injury,test
I1890,injury,test
I1276,injury,test
I473,injury,test
I796,injury,test
I448,injury,test
I673,injury,test
I710,injury,test
I840,injury,test
I762,injury,test
I1419,injury,test
I1058,injury,test
I377,injury,test
I1308,injury,test
I1202,injury,test
I1551,injury,test
I1089,injury,test
I1305,injury,test
I1113,injury,test
I1646,injury,test
I1086,injury,test
I480,injury,test
I1295,injury,test
I940,injury,test
I158,injury,test
I551,injury,test
I1479,injury,test
I750,injury,test
I1808,injury,test
I555,injury,test
I1472,injury,test
I1090,injury,test
I1700,injury,test
I1127,injury,test
I1165,injury,test
I600,injury,test
I1785,injury,test
I831,injury,test
I1665,injury,test
I1747,injury,test
I35,injury,test
I1833,injury,test
I622,injury,test
I857,injury,test
I1677,injury,test
I658,injury,test
I389,injury,test
I1183,injury,test
I866,injury,test
I141,injury,test
I815,injury,test
I1687,injury,test
I626,injury,test
I1598,injury,test
I1793,injury,test
I48,injury,test
I822,injury,test
I333,injury,test
I844,injury,test
I1673,injury,test
I1578,injury,test
I1519,injury,test
I1388,injury,test
I1538,injury,test
I1796,injury,test
I908,injury,test
I462,injury,test
I1205,injury,test
I1321,injury,test
I1103,injury,test
I1380,injury,test
I565,injury,test
I1817,injury,test
I1274,injury,test
I1301,injury,test
I1520,injury,test
I1583,injury,test
I1422,injury,test
I1529,injury,test
I1335,injury,test
I132,injury,test
I1282,injury,test
I1948,injury,test
I686,injury,test
I637,injury,test
I1049,injury,test
I1004,injury,test
I1572,injury,test
I660,injury,test
I1148,injury,test
I447,injury,test
I1054,injury,test
I1897,injury,test
I1297,injury,test
I107,injury,test
I865,injury,test
I1686,injury,test
I1941,injury,test
I320,injury,test
I394,injury,test
I187,injury,test
I1866,injury,test
I1249,injury,test
I576,injury,test
I706,injury,test
I1628,injury,test
I1800,injury,test
I727,injury,test
I627,injury,test
I1492,injury,test
I1991,injury,test
I1116,injury,test
I1262,injury,test
I1060,injury,test
I235,injury,test
I901,injury,test
I202,injury,test
I281,injury,test
I343,injury,test
I1433,injury,test
I1258,injury,test
I1077,injury,test
I1312,injury,test
I271,injury,test
I167,injury,test
I1066,injury,test
I1310,injury,test
I1531,injury,test
I1406,injury,test
I19,injury,test
I205,injury,test
I264,injury,test
I1417,injury,test
I1770,injury,test
I1838,injury,test
I1776,injury,test
I602,injury,test
I1761,injury,test
I884,injury,test
I768,injury,test
I968,injury,test
I515,injury,test
I1385,injury,test
I32,injury,test
I499,injury,test
I1291,injury,test
I1336,injury,test
I1837,injury,test
I811,injury,test
I1993,injury,test
I329,injury,test
I1870,injury,test
I1799,injury,test
I1983,injury,test
I1907,injury,test
I145,injury,test
I1372,injury,test
I80,injury,test
I20,injury,test
