track_id,condition,frame,time_min,x_um,y_um
C01,control,0,0,154.79120971119266,87.77568795041046
C01,control,1,1,157.04256329861204,90.5973820995841
C01,control,2,2,151.18945773265054,86.69084357899715
C01,control,3,3,151.5729789421524,85.7421158019664
C01,control,4,4,151.52257546963952,83.18298401924567
C01,control,5,5,154.160769394228,85.5163598255325
C01,control,6,6,154.35886148691165,88.8980834464366
C01,control,7,7,155.76138951366778,86.32020605778689
C01,control,8,8,156.8676418659153,83.44355825529989
C01,control,9,9,159.5029927698371,83.29378052234114
C01,control,10,10,158.94840567920133,81.25099188912931
C01,control,11,11,162.61602969522343,80.78740344292291
C01,control,12,12,161.33104622873412,79.73100279145822
C01,control,13,13,162.92797378539416,80.82733498455046
C01,control,14,14,164.16617162018213,82.11979799357411
C01,control,15,15,170.5911144227935,80.90055294442027
C01,control,16,16,169.0543862355789,78.45923475967663
C01,control,17,17,170.90232450330538,81.84615163783931
C01,control,18,18,170.56048213034074,79.32568220695173
C01,control,19,19,168.08703848326704,81.27746057042583
C01,control,20,20,170.31680099687736,82.90692337534142
C01,control,21,21,168.3202718750113,83.60340734454158
C01,control,22,22,168.67032930243346,84.25947313472862
C01,control,23,23,171.28461563627803,84.93025978105267
C01,control,24,24,173.32135632549372,85.13299698951934
C01,control,25,25,174.18871452156367,87.02686166703496
C01,control,26,26,169.81724706199668,86.06784801796306
C01,control,27,27,168.4061290991183,84.15121447323303
C01,control,28,28,167.58070234543823,88.63603840693621
C01,control,29,29,164.9832089983585,91.54087347071065
C02,control,0,0,113.04722129623777,152.9997714832051
C02,control,1,1,113.53548049155278,154.75843847728294
C02,control,2,2,115.66916023093134,157.13848018288272
C02,control,3,3,114.62298501418603,155.751424804889
C02,control,4,4,117.19691265795748,155.17751183024416
C02,control,5,5,113.36985368794372,151.7776501882337
C02,control,6,6,110.61149682993889,153.269132420395
C02,control,7,7,111.03877403815058,155.34058848259832
C02,control,8,8,109.75701609914097,155.81620755582847
C02,control,9,9,111.63378728104298,154.88816793666774
C02,control,10,10,113.00411299371522,152.9023901134678
C02,control,11,11,111.91495145402001,151.7571764314728
C02,control,12,12,108.32743251725289,153.21809387382956
C02,control,13,13,106.91922549664471,153.25557623001262
C02,control,14,14,108.36146547336244,154.59516975810246
C02,control,15,15,110.3576208002808,154.2997133045742
C02,control,16,16,109.08772586414834,154.060558671855
C02,control,17,17,104.02572256227425,149.71922125458573
C02,control,18,18,100.05762372521104,146.7274807717813
C02,control,19,19,101.25694640538136,144.01104360570113
C02,control,20,20,100.12245874326318,147.90872849905932
C02,control,21,21,99.0536668300789,150.12127520446057
C02,control,22,22,96.25281379004926,149.50496253085768
C02,control,23,23,93.40274762531752,148.487863303156
C02,control,24,24,95.9236720376897,143.30590203357895
C02,control,25,25,97.22694296832726,144.01910884057577
C02,control,26,26,95.44449310123689,139.6809352774104
C02,control,27,27,95.66088162437849,138.09245715021902
C02,control,28,28,96.3589102584426,138.15801358678934
C02,control,29,29,101.16424693240535,137.43994670437027
C03,control,0,0,16.88886422797782,83.16148043412193
C03,control,1,1,17.548854279893114,87.23904315984323
C03,control,2,2,20.05418801763685,88.30965633729176
C03,control,3,3,24.444096691295535,84.7433671743232
C03,control,4,4,22.524842093046292,81.96363935010662
C03,control,5,5,21.355412683578987,77.83358090743769
C03,control,6,6,23.2608655240222,77.16691281614138
C03,control,7,7,18.848446640514226,74.12017557251875
C03,control,8,8,19.788988182864813,76.6345552762019
C03,control,9,9,25.779180857940172,85.37614267422389
C03,control,10,10,27.022409157768163,82.4075283141283
C03,control,11,11,20.626270315574235,83.2106627011598
C03,control,12,12,18.18744702964326,81.96459092062075
C03,control,13,13,16.351156632463834,81.5422182613716
C03,control,14,14,19.549097324826764,82.01336396370763
C03,control,15,15,19.073192813710698,78.90640270523019
C03,control,16,16,14.049143979597627,77.4474789780102
C03,control,17,17,13.887796327142665,82.75126871874984
C03,control,18,18,14.278619891561322,85.69948725181901
C03,control,19,19,12.780733095943866,82.14465595256793
C03,control,20,20,9.88538280924675,79.96897775896068
C03,control,21,21,16.27079200655224,77.50481772128752
C03,control,22,22,18.786259617761274,74.79603618702644
C03,control,23,23,21.580978656384005,75.95088908534403
C03,control,24,24,21.111064963409735,75.82860150693773
C03,control,25,25,19.146701877121565,77.16681811138398
C03,control,26,26,17.781751436099224,73.49000082008223
C03,control,27,27,13.947938713140367,74.0077645732486
C03,control,28,28,18.68521248237167,74.48773941396891
C03,control,29,29,18.329297504042025,75.34521783277654
C04,control,0,0,63.1858103661586,154.4024864221976
C04,control,1,1,61.953028673657386,157.72135255237725
C04,control,2,2,63.23929798904223,162.32862052836524
C04,control,3,3,63.789001300707945,158.65521343320373
C04,control,4,4,59.68452370297095,163.60799722989748
C04,control,5,5,64.85552086532084,163.06943959004968
C04,control,6,6,63.70595890191288,167.4537724667763
C04,control,7,7,60.38482185578241,164.7695914099088
C04,control,8,8,62.31480223984955,163.58577604133004
C04,control,9,9,62.29943663968933,163.0954473457565
C04,control,10,10,63.31216028608613,167.31789292969765
C04,control,11,11,63.58391500679137,169.2497093095282
C04,control,12,12,57.4333987036983,169.10355410373785
C04,control,13,13,54.90370789281969,165.44711492246697
C04,control,14,14,52.26925079203344,164.44474460036452
C04,control,15,15,55.01695841910148,160.46556644714582
C04,control,16,16,55.10885289688473,159.01305814714507
C04,control,17,17,54.12583361379885,162.0213316230589
C04,control,18,18,55.740179924810626,166.03352594538714
C04,control,19,19,55.27666288706092,163.94569811037502
C04,control,20,20,54.60508643641943,164.67318848418867
C04,control,21,21,55.13480651178056,161.42002426748857
C04,control,22,22,55.40627585666418,162.10470925790528
C04,control,23,23,62.95869796926594,167.7352430917503
C04,control,24,24,60.39896791758948,166.87309300710277
C04,control,25,25,56.008641912078474,165.1009719652123
C04,control,26,26,56.95545692284949,168.718532827877
C04,control,27,27,54.768205409618666,166.7560935076736
C04,control,28,28,48.3263383204027,166.26809574603888
C04,control,29,29,45.13909508482401,164.67977746394067
C05,control,0,0,74.83680868143654,85.17641727470198
C05,control,1,1,74.55402101867887,79.90323210063208
C05,control,2,2,70.15288528250589,86.29097343671698
C05,control,3,3,66.2906175386838,83.00061670135307
C05,control,4,4,71.80135812364774,91.71581820907429
C05,control,5,5,68.28665823717172,90.61107133871019
C05,control,6,6,69.31132488999324,95.79716427192696
C05,control,7,7,66.35075365470853,95.06133073410064
C05,control,8,8,68.68276638289376,96.36562895750049
C05,control,9,9,67.55429816920346,95.96416006395236
C05,control,10,10,63.429610744093516,95.24963883202837
C05,control,11,11,62.63044827406665,95.94614850090713
C05,control,12,12,60.9644666176096,97.36076406854255
C05,control,13,13,64.00261407106909,97.82705205154795
C05,control,14,14,65.0578832962667,97.98651809428155
C05,control,15,15,65.05813647554093,95.821843993653
C05,control,16,16,66.00761926056086,95.52998419841254
C05,control,17,17,72.28712418735265,100.25004890583827
C05,control,18,18,73.44466384502215,97.96087727675396
C05,control,19,19,70.1074294290719,101.53430613602056
C05,control,20,20,70.89567710451331,102.9747363461954
C05,control,21,21,65.66191914359074,105.75705179086994
C05,control,22,22,67.02518015823382,102.4257597376265
C05,control,23,23,65.61060573588398,103.21691135069607
C05,control,24,24,65.76800613095271,102.3403977932854
C05,control,25,25,65.45754132675484,101.58446565866475
C05,control,26,26,65.91522886306224,105.99894157764423
C05,control,27,27,58.21525354026835,105.28839078411518
C05,control,28,28,58.744790804385694,106.17637275317648
C05,control,29,29,57.629047060421826,100.90620740574073
C06,control,0,0,83.377873718977,46.51398810577474
C06,control,1,1,78.77628950422859,49.10547214686931
C06,control,2,2,77.7907138348599,48.921499109382765
C06,control,3,3,74.63201830274805,47.91813059231514
C06,control,4,4,78.53215208684493,49.66609631827826
C06,control,5,5,83.72908690307476,53.19833198521134
C06,control,6,6,85.04634693986348,58.430135563714714
C06,control,7,7,86.36332641607838,60.91410009410589
C06,control,8,8,85.47361355547426,61.113737541683506
C06,control,9,9,83.38134208557342,64.08248934546806
C06,control,10,10,79.84643121622882,66.42954037272105
C06,control,11,11,79.27447804371334,69.94328165312301
C06,control,12,12,81.52708500990713,75.40522012606341
C06,control,13,13,83.71940908332306,70.6890993591037
C06,control,14,14,83.51854956462846,67.17307778131925
C06,control,15,15,81.96371003752964,71.70676308114942
C06,control,16,16,83.87631147022273,69.60997179541317
C06,control,17,17,80.83515937090154,69.70831807404196
C06,control,18,18,77.18547892275815,67.69489724185222
C06,control,19,19,78.12150733741188,71.16083335017231
C06,control,20,20,79.9477917540852,64.286964824378
C06,control,21,21,80.86089194117598,64.50306554407574
C06,control,22,22,82.10256279729406,69.35169458902936
C06,control,23,23,75.91284796687982,67.57838431345604
C06,control,24,24,77.68556693525989,62.83360111509421
C06,control,25,25,82.11341407942041,63.93867095319619
C06,control,26,26,84.65316603695062,62.2258399686308
C06,control,27,27,87.09445710684925,65.43125463659791
C06,control,28,28,87.79309116726076,66.134457314694
C06,control,29,29,88.60412088510593,63.54442152047586
C07,control,0,0,62.88799604085258,31.52232972499993
C07,control,1,1,64.03817763391307,34.521802465730815
C07,control,2,2,60.862569387977835,34.14677537477208
C07,control,3,3,65.30693603095476,31.916010688334392
C07,control,4,4,62.8401859790838,32.522929263827976
C07,control,5,5,65.37334155053976,32.557207430509955
C07,control,6,6,69.36022332185073,35.127589378209535
C07,control,7,7,71.8856835225209,36.789938882181815
C07,control,8,8,78.86864282355916,36.17445381558368
C07,control,9,9,72.85807594735961,40.9872169001351
C07,control,10,10,71.48497765448913,41.310858233164204
C07,control,11,11,75.4136297090707,36.50407960998743
C07,control,12,12,71.65868806675229,31.700245798630867
C07,control,13,13,69.27627919667601,33.01915561668185
C07,control,14,14,70.84884272511432,33.84797815466751
C07,control,15,15,66.61054507343722,26.917667844769575
C07,control,16,16,66.77360582960837,25.502339743854566
C07,control,17,17,68.1517631447582,27.60820062251838
C07,control,18,18,68.56648744093425,29.88859987864594
C07,control,19,19,69.25412156327945,31.478793995450342
C07,control,20,20,67.1401017746698,30.939959753955968
C07,control,21,21,67.73043006464067,33.401545180208224
C07,control,22,22,66.54920654796696,34.96504694740456
C07,control,23,23,65.75169017222082,34.61242044542017
C07,control,24,24,68.24024729829304,28.633239332257702
C07,control,25,25,64.35083031406876,24.18668313992924
C07,control,26,26,57.34998195452384,22.15188981946371
C07,control,27,27,59.598283653707064,21.297237620315986
C07,control,28,28,60.19165389953262,24.564890110448363
C07,control,29,29,64.1747122963357,24.357476306269945
C08,control,0,0,24.984735861128616,100.90619803859731
C08,control,1,1,29.045493529836808,101.18257801389964
C08,control,2,2,26.53329885835442,99.39937695730343
C08,control,3,3,22.09168932065937,96.73497539610247
C08,control,4,4,21.017639256436084,99.14573045423828
C08,control,5,5,26.179948749934034,94.99918590810715
C08,control,6,6,27.35843115471379,91.87755409063455
C08,control,7,7,28.782522420103398,91.48429413857137
C08,control,8,8,23.289804942560806,94.26918511327682
C08,control,9,9,21.47480280413461,92.66748439815616
C08,control,10,10,18.26554557026554,90.7046345680935
C08,control,11,11,19.549216892350294,90.13690154528427
C08,control,12,12,20.53520289919774,91.2226671070708
C08,control,13,13,24.497187865782237,90.19430865447767
C08,control,14,14,20.06661441524504,93.39597590419362
C08,control,15,15,19.072149898953278,96.73975323792575
C08,control,16,16,20.22228123850069,96.34634064731571
C08,control,17,17,21.268608920639572,102.19937832769462
C08,control,18,18,27.499550507800834,102.40752173309295
C08,control,19,19,27.98012228775206,105.63624220549211
C08,control,20,20,25.44313918945002,106.63545332334688
C08,control,21,21,25.36555064558845,107.57717795771954
C08,control,22,22,22.865444227740234,102.80847547779264
C08,control,23,23,16.646493919766357,99.45632313882382
C08,control,24,24,15.270468064948357,98.57674837887754
C08,control,25,25,21.082161552236908,101.89472848859944
C08,control,26,26,18.195888203212025,102.9378538459523
C08,control,27,27,16.97465349416105,102.08476233183202
C08,control,28,28,17.530630442407197,103.94227568275821
C08,control,29,29,16.51285499075515,107.13383028096128
C09,control,0,0,86.28363903597803,125.20249618821143
C09,control,1,1,94.07666021576553,125.87173541608725
C09,control,2,2,98.37630373558405,126.14629595060687
C09,control,3,3,100.11863502157344,125.97594636742879
C09,control,4,4,99.60741227808083,123.63749917725254
C09,control,5,5,100.8983163549535,121.08288760969523
C09,control,6,6,102.89507206389378,124.33874862303297
C09,control,7,7,103.99466628560546,123.4800024223659
C09,control,8,8,105.35656302353155,122.55398325572666
C09,control,9,9,108.163204399927,117.0597650030813
C09,control,10,10,107.15638229557106,111.08732901770931
C09,control,11,11,102.67119980488945,115.17891570715103
C09,control,12,12,105.35675475080451,113.02047500729667
C09,control,13,13,100.84924438268182,104.12688849377172
C09,control,14,14,99.21875785888392,111.38813353051393
C09,control,15,15,100.52341067327487,109.70941667236546
C09,control,16,16,101.91865130177578,105.02654161338214
C09,control,17,17,101.02668121368288,105.32497403242935
C09,control,18,18,100.76837925821974,107.6973923974996
C09,control,19,19,101.8023149369279,109.70237045182358
C09,control,20,20,99.73719809023562,112.39581667705522
C09,control,21,21,104.6240089331076,109.48536811810098
C09,control,22,22,101.96092196596392,113.49272112706169
C09,control,23,23,101.38689000587874,117.70418530326135
C09,control,24,24,100.05928287020218,122.06932203207349
C09,control,25,25,100.45374032061854,122.84400850204158
C09,control,26,26,105.14789438562825,121.75869706970906
C09,control,27,27,102.32452809785337,120.413004445624
C09,control,28,28,103.68152994978279,115.71572722908246
C09,control,29,29,105.59394265773615,114.09941327622923
C10,control,0,0,117.28903460295919,98.65799517013332
C10,control,1,1,114.92933727764668,93.59859071643102
C10,control,2,2,112.45064887855483,94.34158841975785
C10,control,3,3,111.91296900220557,93.58145571291381
C10,control,4,4,111.43541438806538,94.19162043477364
C10,control,5,5,108.40980626223606,96.3121693574708
C10,control,6,6,110.39780417339252,97.4672831704391
C10,control,7,7,112.06740450164631,98.35653717286507
C10,control,8,8,118.17262440983951,98.09525465970755
C10,control,9,9,117.25137475483578,95.83467191863542
C10,control,10,10,114.15458674310227,92.1012565558322
C10,control,11,11,111.48819480340951,91.88921541087598
C10,control,12,12,112.49108018890266,92.04264158653247
C10,control,13,13,110.19447435661351,94.74319527859235
C10,control,14,14,112.41271237351636,94.2642503563263
C10,control,15,15,110.45396393952223,95.9095341188157
C10,control,16,16,111.01788470198053,91.56515234057056
C10,control,17,17,110.81394393402732,92.35125977679371
C10,control,18,18,108.11485957456406,92.92078995530603
C10,control,19,19,103.7503921187907,96.92934825534255
C10,control,20,20,107.49424207396899,96.17179625243365
C10,control,21,21,108.58460508748621,88.94203035503402
C10,control,22,22,105.1155621066902,88.06069359457763
C10,control,23,23,101.89916304240963,90.2038830424696
C10,control,24,24,107.8910526346536,86.6740388841817
C10,control,25,25,105.37866242239802,87.3803839891115
C10,control,26,26,110.21201086789688,83.71326105149178
C10,control,27,27,110.9591192348177,89.17715760393111
C10,control,28,28,106.0038417902799,85.33394998339361
C10,control,29,29,104.7330219708974,83.77218474482737
C11,control,0,0,197.10803389898524,92.99469123873061
C11,control,1,1,191.78314772005885,94.54092244743305
C11,control,2,2,190.0505310579919,98.36426409825677
C11,control,3,3,188.16776844868113,96.45441824895006
C11,control,4,4,189.79116328109473,98.74319769596087
C11,control,5,5,191.13546137290334,93.68640574380645
C11,control,6,6,192.7495646926881,90.58348158878324
C11,control,7,7,193.45539302745289,86.31227828258606
C11,control,8,8,194.79435947008207,83.89248156966394
C11,control,9,9,190.9464555193005,86.03394197911115
C11,control,10,10,191.67138908433077,84.19201157493245
C11,control,11,11,196.02492563139396,82.87005431022322
C11,control,12,12,196.12124865330676,83.67679465325902
C11,control,13,13,194.26225085092094,85.0902035334588
C11,control,14,14,192.66189380942677,83.85528856681017
C11,control,15,15,196.7498217288368,80.73353040927287
C11,control,16,16,189.51148073604833,85.56634139430855
C11,control,17,17,197.15946459386933,84.35053359796055
C11,control,18,18,191.34895047200877,83.41908166937272
C11,control,19,19,190.49028162248675,82.84931014630594
C11,control,20,20,187.1501174967212,84.58799357373537
C11,control,21,21,188.72363962257947,80.10477671427745
C11,control,22,22,190.82122981766412,86.26283166011513
C11,control,23,23,191.3371108149753,85.25085617390961
C11,control,24,24,190.91110117175273,87.0966264748153
C11,control,25,25,185.71908635523107,87.5897985837472
C11,control,26,26,184.54769450684265,93.13327362261533
C11,control,27,27,184.02517630542778,98.1369364559739
C11,control,28,28,180.71395421208175,99.89871395638227
C11,control,29,29,181.67215500345543,97.29157221278791
C12,control,0,0,126.90805299035944,68.65849247578156
C12,control,1,1,125.93667787749963,63.58260452827227
C12,control,2,2,125.8839893980673,60.87533524389473
C12,control,3,3,124.85696658207566,60.63057193483937
C12,control,4,4,119.7400099340291,55.78359691687733
C12,control,5,5,121.18621044060568,54.21544082836829
C12,control,6,6,113.49197741514398,56.56997293819269
C12,control,7,7,114.3090866809667,54.42834846608324
C12,control,8,8,110.35859604779198,56.93577215502626
C12,control,9,9,111.40664791547327,64.08357900307848
C12,control,10,10,112.66721371164809,65.24668842686452
C12,control,11,11,112.16642992132239,67.69701602846689
C12,control,12,12,114.04168552506685,71.45219105416247
C12,control,13,13,112.477716769155,70.14596863533058
C12,control,14,14,111.04040725641906,72.51837379886754
C12,control,15,15,115.53553057730926,71.14185231941964
C12,control,16,16,114.26120939392999,72.08408399102903
C12,control,17,17,113.52392489389129,74.9402449504487
C12,control,18,18,106.76859302203415,72.46012980969802
C12,control,19,19,104.42134402014982,65.49906177253958
C12,control,20,20,101.53042868704341,62.753593425001796
C12,control,21,21,100.92711472348692,66.09249109998258
C12,control,22,22,100.19193276991481,63.000049939169116
C12,control,23,23,100.02106914627423,66.14757080349317
C12,control,24,24,97.09319269792951,63.41584615172882
C12,control,25,25,98.76883957575218,62.75123780453642
C12,control,26,26,100.71129364788061,62.710297429150536
C12,control,27,27,102.81628459214932,59.60506308702861
C12,control,28,28,102.78003063978451,58.97299304393914
C12,control,29,29,99.13235786747212,54.282559200333075
C13,control,0,0,86.26540402928993,156.11622750531686
C13,control,1,1,83.19856318434793,155.82769069454687
C13,control,2,2,86.58261975639584,148.9854771584311
C13,control,3,3,82.09270368668587,146.2168178327453
C13,control,4,4,86.47624028684686,147.0645787815032
C13,control,5,5,88.77819200823055,143.6440960241245
C13,control,6,6,85.41958438241898,144.98753717429264
C13,control,7,7,85.59440737522532,146.63375363088502
C13,control,8,8,85.03139440243996,147.4681848102489
C13,control,9,9,85.50575165715529,149.80148697750369
C13,control,10,10,87.9267765029887,144.94187099432838
C13,control,11,11,81.18497083696613,147.9471071872829
C13,control,12,12,84.74814611675194,144.88523812874288
C13,control,13,13,79.16863989711506,145.1823425917645
C13,control,14,14,81.96115457616665,150.57512615906745
C13,control,15,15,83.510047292471,149.45997606931036
C13,control,16,16,80.83065542771641,149.49432994432232
C13,control,17,17,79.93286131606064,146.44912622713588
C13,control,18,18,86.07912826865049,151.80463143335228
C13,control,19,19,89.48727431931678,149.0420802399249
C13,control,20,20,92.05233229220862,150.9609594684186
C13,control,21,21,93.37996916482078,154.70995526954994
C13,control,22,22,95.28608259340461,156.92999797846295
C13,control,23,23,97.19680144352124,157.95237220246926
C13,control,24,24,91.84596805437869,158.20323543470093
C13,control,25,25,90.17739217783131,154.36371256178086
C13,control,26,26,95.22284203573378,159.55069858443798
C13,control,27,27,99.3005038366206,160.3163388350056
C13,control,28,28,103.35237919947858,160.3524983768111
C13,control,29,29,103.96077103017191,157.07208426542516
C14,control,0,0,34.58878728841561,101.45854031640866
C14,control,1,1,30.680830937912216,101.30494898095887
C14,control,2,2,30.44164224634179,106.69763248089279
C14,control,3,3,33.12428223188202,106.73196879816719
C14,control,4,4,33.87064416128527,106.86460593247978
C14,control,5,5,33.261902206898625,103.61732434031492
C14,control,6,6,32.80874657407784,101.37902957035739
C14,control,7,7,29.057799957308397,102.912695014
C14,control,8,8,30.2315939371081,97.55257247989576
C14,control,9,9,29.86354002462272,100.53967663759553
C14,control,10,10,33.04121124131168,103.61718716625126
C14,control,11,11,33.15795086201606,101.0820511823438
C14,control,12,12,29.906854379941876,102.11586589659488
C14,control,13,13,31.044694483037365,105.97785923141008
C14,control,14,14,34.34463343406362,105.58117326181656
C14,control,15,15,30.612015797481007,104.62385347078387
C14,control,16,16,31.26370938191258,104.01760373461566
C14,control,17,17,29.53002705767961,104.77625817952536
C14,control,18,18,28.01815383344778,102.89205992834924
C14,control,19,19,28.952512336358097,101.68608218796163
C14,control,20,20,29.684825503293155,102.505694256518
C14,control,21,21,26.26653850001843,101.06197088492176
C14,control,22,22,30.579869319767816,97.57573234671891
C14,control,23,23,24.229905972856223,91.99019688699137
C14,control,24,24,24.31723581258623,92.08294872108947
C14,control,25,25,23.964403246310866,95.72551820787497
C14,control,26,26,15.945899947002053,96.91331983116744
C14,control,27,27,20.630214552412774,93.5299775364923
C14,control,28,28,19.490795017043087,91.27130178480644
C14,control,29,29,16.8077568788105,90.29251576973732
C15,control,0,0,40.87947341628584,148.7200730215304
C15,control,1,1,39.8716557411654,154.4352536637238
C15,control,2,2,39.978385172119275,159.69632674382706
C15,control,3,3,39.6984892231588,160.0895002219655
C15,control,4,4,40.79491264108731,169.6260612600681
C15,control,5,5,43.34876936562168,167.50426767021372
C15,control,6,6,46.255762976449255,166.4187700589607
C15,control,7,7,44.78651242774563,169.144574138637
C15,control,8,8,44.87976919105908,169.98030188217243
C15,control,9,9,44.92172485665496,170.99005126198873
C15,control,10,10,46.19662254896341,165.17915046387247
C15,control,11,11,48.19634055479201,162.23309220438156
C15,control,12,12,43.869443148113774,162.05785847280552
C15,control,13,13,44.121386158057135,159.97733997908867
C15,control,14,14,46.614481731061055,155.95081447997595
C15,control,15,15,45.393650484743375,154.19619207517695
C15,control,16,16,45.253888673725356,155.03278492911866
C15,control,17,17,42.230209824854725,157.20563296148734
C15,control,18,18,42.41921692985883,151.5297942015516
C15,control,19,19,36.54344260866773,151.49283632276365
C15,control,20,20,35.88054065530867,151.18257598203974
C15,control,21,21,35.79659328571802,151.85925550057027
C15,control,22,22,38.63954211526292,148.52594079781758
C15,control,23,23,35.12362733656054,145.24596922415543
C15,control,24,24,35.99037733806666,148.98081136009478
C15,control,25,25,34.69635902334812,141.4757118276158
C15,control,26,26,29.584380435516998,138.97660165922778
C15,control,27,27,27.911193773031354,137.7514357774636
C15,control,28,28,28.026937141974106,136.81619678499627
C15,control,29,29,31.174955973604327,134.78814486795216
I01,injury,0,0,147.02588550392667,59.206572582005144
I01,injury,1,1,141.6189592941483,60.37564769796515
I01,injury,2,2,141.1266188453271,59.93332022821065
I01,injury,3,3,145.09144716677488,58.066697892326495
I01,injury,4,4,150.4723416783471,57.3904035446422
I01,injury,5,5,145.84129234343644,57.600162287626674
I01,injury,6,6,141.81255674248013,55.34489474418617
I01,injury,7,7,142.2036566425266,57.01164101013654
I01,injury,8,8,139.53715354176381,59.97385644527574
I01,injury,9,9,142.2096768158272,64.28276171496562
I01,injury,10,10,142.9979170372044,68.37304785122271
I01,injury,11,11,136.55552175328222,67.41932820533732
I01,injury,12,12,133.15450598431195,67.77700578871949
I01,injury,13,13,130.64015832672175,67.2785322628703
I01,injury,14,14,135.4866829673339,66.76937287360917
I01,injury,15,15,135.92805991890455,66.07256488383646
I01,injury,16,16,135.35519978277506,66.09061492514468
I01,injury,17,17,135.90017198069455,69.5865375317862
I01,injury,18,18,140.04235397350453,70.51539777751371
I01,injury,19,19,141.01099463161134,67.06280424995701
I01,injury,20,20,139.94736440436446,69.88367264460778
I01,injury,21,21,141.7452703196159,70.51850184299293
I01,injury,22,22,143.60445219831976,71.99080196997438
I01,injury,23,23,146.40537097309772,72.85887944084571
I01,injury,24,24,144.5382760263846,73.86640321164478
I01,injury,25,25,134.94649289882628,75.01506042079993
I01,injury,26,26,123.20125442318192,69.84467019858367
I01,injury,27,27,123.75656022600488,71.27725821038406
I01,injury,28,28,119.46927388558508,69.14095208474724
I01,injury,29,29,122.78089685142749,67.68886169002921
I02,injury,0,0,124.54174899764163,150.16771694897193
I02,injury,1,1,124.96585752828544,155.01834014446774
I02,injury,2,2,124.5589388768657,152.01130820239533
I02,injury,3,3,123.42975652178282,151.90447599382506
I02,injury,4,4,118.53553156517812,151.1369797798026
I02,injury,5,5,115.50895528318581,153.9100530513649
I02,injury,6,6,114.81279090574158,153.0616658039222
I02,injury,7,7,113.69424511387385,153.7310318591407
I02,injury,8,8,114.74468771294319,150.73189517313256
I02,injury,9,9,110.81992481507937,154.04593281934015
I02,injury,10,10,108.78291419846518,149.79540654154954
I02,injury,11,11,109.3143523266145,151.1855159596476
I02,injury,12,12,103.92220655484438,151.87396110603842
I02,injury,13,13,105.3289558321295,152.9971204611572
I02,injury,14,14,106.42490028341368,148.78431316688497
I02,injury,15,15,106.61802074840226,147.87645388847363
I02,injury,16,16,104.36965027222833,150.48812071673282
I02,injury,17,17,108.00747380425102,155.8712308805339
I02,injury,18,18,111.15189741876874,155.54202833564332
I02,injury,19,19,111.41005790784777,157.84249695099606
I02,injury,20,20,110.97359175574616,158.2347895147307
I02,injury,21,21,112.64485115137471,158.0569415766529
I02,injury,22,22,109.65699034225372,156.81352237914533
I02,injury,23,23,110.75872147545495,156.82250225274518
I02,injury,24,24,110.97935140605996,158.83273997935174
I02,injury,25,25,109.05482701736713,161.10148447024116
I02,injury,26,26,109.39135482774232,157.39704520950673
I02,injury,27,27,112.91826920130106,155.89481097823597
I02,injury,28,28,107.1529831717455,152.75967984947707
I02,injury,29,29,103.28984768971054,152.91619980544968
I03,injury,0,0,55.03050512034267,27.730899246683904
I03,injury,1,1,57.6896110167901,28.750525330262015
I03,injury,2,2,59.43775462872296,29.980010702248094
I03,injury,3,3,62.08615863272968,23.656150676915765
I03,injury,4,4,61.79284387593629,17.11552048344734
I03,injury,5,5,62.70102365632968,17.101621566774305
I03,injury,6,6,66.63762048069873,20.66452474493767
I03,injury,7,7,68.04594562545583,19.16344151274697
I03,injury,8,8,70.30142896309304,17.57968860077403
I03,injury,9,9,71.097251008763,20.538097551656335
I03,injury,10,10,70.22393697079472,22.95513346938384
I03,injury,11,11,73.05614107687163,20.090758017991373
I03,injury,12,12,76.77782346152382,22.186457054105887
I03,injury,13,13,77.8836011236418,19.89948668002293
I03,injury,14,14,76.10598306791509,18.286498949313863
I03,injury,15,15,78.53376645779097,15.41962344710967
I03,injury,16,16,80.64630320365059,11.694356860474493
I03,injury,17,17,80.83409745033404,12.023300124196519
I03,injury,18,18,88.96948788551079,7.891353157635416
I03,injury,19,19,94.18553158498119,8.340880399597257
I03,injury,20,20,96.21904733902907,8.695924139761871
I03,injury,21,21,98.35322779361478,8.234868826675818
I03,injury,22,22,103.51537833798716,6.865455394001651
I03,injury,23,23,106.1120820545249,4.932354033362582
I03,injury,24,24,105.13132651532105,1.7164663764919244
I03,injury,25,25,105.6963976763636,6.051844247271526
I03,injury,26,26,104.66432913690105,5.461187151159797
I03,injury,27,27,100.52047824769727,4.773309190502873
I03,injury,28,28,94.94209546853268,2.0346752303463917
I03,injury,29,29,96.42245360686009,5.991714823570581
I04,injury,0,0,123.93370519397229,186.58015648265064
I04,injury,1,1,127.43960566390861,187.31141392385558
I04,injury,2,2,126.18586272366949,188.60919727903405
I04,injury,3,3,125.57161217470936,188.9403844558707
I04,injury,4,4,123.54661268622935,184.74605547647417
I04,injury,5,5,118.1157370786631,186.70579012631785
I04,injury,6,6,116.48563680840596,184.91752342734935
I04,injury,7,7,115.71115368857542,187.30232018609624
I04,injury,8,8,115.45224551765462,185.33415537617333
I04,injury,9,9,118.33112438460147,190.07171188511822
I04,injury,10,10,119.01479435057003,192.99270241915048
I04,injury,11,11,121.94067434101146,196.383000368364
I04,injury,12,12,122.98297187234932,198.17804150958867
I04,injury,13,13,123.74195359238884,194.88602848594755
I04,injury,14,14,125.0441230629676,190.81858657256788
I04,injury,15,15,121.86032469759243,194.72928177599215
I04,injury,16,16,123.58098518567502,199.19147664504973
I04,injury,17,17,121.96596203461314,195.73473012121943
I04,injury,18,18,120.44465044340211,196.04082401294116
I04,injury,19,19,119.88161659242213,199.44186544921126
I04,injury,20,20,117.9978053174118,199.50203113537995
I04,injury,21,21,114.23192386910799,199.1470170304886
I04,injury,22,22,113.4412495196649,196.89757701563505
I04,injury,23,23,111.93376143314033,196.34504977608938
I04,injury,24,24,110.32329604512904,198.34092649710757
I04,injury,25,25,109.2279580382054,197.60923816657555
I04,injury,26,26,102.13560516537498,194.92661611063713
I04,injury,27,27,100.54638489200592,192.8690580821072
I04,injury,28,28,103.89150767213931,192.37424475591854
I04,injury,29,29,106.95684042009407,192.55935865806964
I05,injury,0,0,150.46578288671054,100.83572087816277
I05,injury,1,1,149.67717164157492,105.99210588731235
I05,injury,2,2,141.91833946132127,99.98746865399632
I05,injury,3,3,139.48882696815292,100.03105229980902
I05,injury,4,4,140.75914024244497,101.45031389389145
I05,injury,5,5,138.80640250380327,104.50744497361673
I05,injury,6,6,141.09698871326145,105.05961846743142
I05,injury,7,7,143.18496143072198,105.87755425772781
I05,injury,8,8,140.70051235037334,107.97100477472782
I05,injury,9,9,140.23235171810938,107.97502431499127
I05,injury,10,10,143.8512124346781,100.62240792937101
I05,injury,11,11,138.79815992419938,97.0611966502479
I05,injury,12,12,136.90837798149298,96.2973721409498
I05,injury,13,13,131.58640103817385,93.34189804401733
I05,injury,14,14,128.20387600260312,100.714170320245
I05,injury,15,15,132.80910184584457,99.47892206719105
I05,injury,16,16,130.91835197492418,96.03131007562617
I05,injury,17,17,124.39396073524838,95.6806695164006
I05,injury,18,18,120.6004047855163,95.42611792141457
I05,injury,19,19,114.99978723838588,93.1401945464838
I05,injury,20,20,114.64566852429436,94.2388233398356
I05,injury,21,21,115.0980844005204,90.27735638736449
I05,injury,22,22,116.8621415909271,87.87672129755894
I05,injury,23,23,117.96071533474901,87.84480526770436
I05,injury,24,24,113.03155283751516,86.89621215396079
I05,injury,25,25,113.32764406370647,88.73510829538459
I05,injury,26,26,112.10468037137322,93.33044496718774
I05,injury,27,27,114.32721268433289,92.56048261798848
I05,injury,28,28,115.77757812074373,98.36186307355304
I05,injury,29,29,120.8590319230928,94.67786343108554
I06,injury,0,0,135.90540184179156,42.81845786734404
I06,injury,1,1,131.93055868927866,38.850834467469
I06,injury,2,2,129.67197629718152,40.11151459589276
I06,injury,3,3,128.56478617734822,38.15982373467598
I06,injury,4,4,125.7421487921747,36.02281254143786
I06,injury,5,5,122.30361990619788,42.867711173266045
I06,injury,6,6,122.39615311975454,45.52798833648026
I06,injury,7,7,120.12892071539777,44.97011830492212
I06,injury,8,8,117.1882587712867,37.01499330016451
I06,injury,9,9,112.2542309407431,31.583137260223328
I06,injury,10,10,104.70487960688828,27.99706033732902
I06,injury,11,11,107.87974664503318,27.863751834215957
I06,injury,12,12,110.95143793199671,29.096699564918584
I06,injury,13,13,112.49911440914218,26.394008579004858
I06,injury,14,14,113.2709672717202,28.580151281227895
I06,injury,15,15,110.74102539501912,30.258772393076395
I06,injury,16,16,111.63958867074362,28.610114529686147
I06,injury,17,17,107.47128337393063,25.05772953399133
I06,injury,18,18,106.93079999969501,26.038759140359275
I06,injury,19,19,103.75322250832127,26.11851516433757
I06,injury,20,20,104.66483361673673,27.973087308333472
I06,injury,21,21,108.52047397710419,31.804029804927602
I06,injury,22,22,104.71659967883456,36.85478843354167
I06,injury,23,23,102.32367016516741,39.98940687090495
I06,injury,24,24,101.72763004332069,38.75295873553405
I06,injury,25,25,95.50453946399588,38.238265204885
I06,injury,26,26,91.62638975807906,41.14016291241332
I06,injury,27,27,96.9767677294968,38.74942994452324
I06,injury,28,28,98.68267995705462,36.57325537849932
I06,injury,29,29,97.59722576664424,38.896739490095435
I07,injury,0,0,75.71855751194619,18.927953649877736
I07,injury,1,1,75.07186007583742,21.925962647301205
I07,injury,2,2,76.16410031471077,24.313296676533906
I07,injury,3,3,75.62262734272093,24.164620163879157
I07,injury,4,4,76.07613070482412,21.656448819341797
I07,injury,5,5,78.86237530856938,23.60719583607689
I07,injury,6,6,81.44303939328609,28.218092797829826
I07,injury,7,7,86.59107379699499,27.093258728282418
I07,injury,8,8,88.51023075229753,25.22245666050778
I07,injury,9,9,89.3802967006412,23.423208313151186
I07,injury,10,10,95.04050762804935,24.514302764180073
I07,injury,11,11,95.1864202437361,28.0951584797492
I07,injury,12,12,89.47457401434986,22.05285069515333
I07,injury,13,13,92.66208998000917,22.234256039505436
I07,injury,14,14,94.21342888079145,18.25506772954979
I07,injury,15,15,94.94372774824035,24.265595960753814
I07,injury,16,16,98.21632660762793,24.77471559618225
I07,injury,17,17,97.69916487731312,23.59099704057407
I07,injury,18,18,92.11157120971308,24.363918303337552
I07,injury,19,19,95.44802053515863,19.637060321825707
I07,injury,20,20,94.26376985823819,16.16466642512544
I07,injury,21,21,92.1677162738119,16.32511130559114
I07,injury,22,22,86.71450980884649,18.16792262066233
I07,injury,23,23,89.77607501864753,17.414614856551594
I07,injury,24,24,83.1339494886939,14.425358978544425
I07,injury,25,25,87.632655291002,6.091376136358708
I07,injury,26,26,87.39008505442143,2.551373800956931
I07,injury,27,27,90.60379595917594,0.5260319445265469
I07,injury,28,28,92.61565802138277,2.222413202033826
I07,injury,29,29,98.92433554057283,1.6135873710077155
I08,injury,0,0,104.09148875344553,92.7351429363002
I08,injury,1,1,106.86272944332677,90.45361639208612
I08,injury,2,2,104.38046695106354,90.38687300753848
I08,injury,3,3,98.891813915044,91.0731830943253
I08,injury,4,4,102.59421273381903,91.95198456481718
I08,injury,5,5,97.02752004128286,91.5805566818282
I08,injury,6,6,100.05360675022132,85.94659038393047
I08,injury,7,7,96.02930870876818,88.57622119617503
I08,injury,8,8,97.63959501136004,89.81213594255529
I08,injury,9,9,104.01807943422997,91.2177942780739
I08,injury,10,10,105.19174346552951,99.35003085972888
I08,injury,11,11,103.75032979125804,96.9563825688734
I08,injury,12,12,104.23371898599943,98.27335565704009
I08,injury,13,13,101.85357281016081,95.17616459837554
I08,injury,14,14,107.98310607643104,96.1566950095396
I08,injury,15,15,104.98624993222481,98.9044859163784
I08,injury,16,16,103.8588144775408,98.14584157742492
I08,injury,17,17,104.74563309328428,94.27019477272985
I08,injury,18,18,105.0035147050358,100.0090591959251
I08,injury,19,19,105.60204769162773,98.88042288457471
I08,injury,20,20,103.280731850343,97.64940296453939
I08,injury,21,21,101.71884381619967,96.51598336626458
I08,injury,22,22,103.66777813942336,91.31635605663763
I08,injury,23,23,105.45377829065977,90.17729648120995
I08,injury,24,24,105.78462164774588,86.79633275060736
I08,injury,25,25,108.97051484829419,90.53323763112299
I08,injury,26,26,111.04928642554441,85.98897330374237
I08,injury,27,27,112.73664963874256,87.2035385666495
I08,injury,28,28,107.12083589734486,87.13064641533705
I08,injury,29,29,107.41443936444465,88.7988722368065
I09,injury,0,0,108.69911901597213,179.78431526410273
I09,injury,1,1,112.31995319273142,183.46241699383478
I09,injury,2,2,102.91878833138318,182.51010132932174
I09,injury,3,3,101.62483524875132,177.25380561114082
I09,injury,4,4,101.10738442344827,181.00007892837235
I09,injury,5,5,97.04768084467649,182.00928174444195
I09,injury,6,6,95.10021041278718,179.9935456734029
I09,injury,7,7,100.33239131529729,178.36587221306743
I09,injury,8,8,100.91902878232916,172.75221786488447
I09,injury,9,9,105.7059814665138,174.56017520380396
I09,injury,10,10,104.35848193856302,176.28681473380365
I09,injury,11,11,99.32902365171958,179.83440695906162
I09,injury,12,12,99.1570693252303,179.22219841391632
I09,injury,13,13,98.48210248033384,177.48024420567955
I09,injury,14,14,101.36611431521906,178.24796475599223
I09,injury,15,15,102.52135873942818,178.22158068753552
I09,injury,16,16,103.26095817265973,176.96503445576042
I09,injury,17,17,109.15015369688837,172.26124320646892
I09,injury,18,18,112.13296566757732,176.36496555863184
I09,injury,19,19,108.77648924968054,183.05278639029976
I09,injury,20,20,110.96296009851649,185.9662034107685
I09,injury,21,21,110.24702665959413,185.31452493611246
I09,injury,22,22,108.8188001784753,186.486116725071
I09,injury,23,23,112.22235900357698,187.03005937865527
I09,injury,24,24,108.68802813416511,189.50334056581022
I09,injury,25,25,110.65148037334949,191.4673191511536
I09,injury,26,26,112.08797709292443,190.65453476068018
I09,injury,27,27,108.50100959153269,188.04995446875785
I09,injury,28,28,102.79461984615912,188.76080030339568
I09,injury,29,29,101.74427349647934,187.44083718980656
I10,injury,0,0,198.96297856592167,97.25612253411637
I10,injury,1,1,198.47449947986883,95.26224453392697
I10,injury,2,2,198.75627451283935,91.09018824400121
I10,injury,3,3,197.72760904008294,90.65810526383719
I10,injury,4,4,197.79773022953356,97.63544463948224
I10,injury,5,5,198.45294946869822,96.71574777562107
I10,injury,6,6,195.87328891408714,95.73911274106247
I10,injury,7,7,196.60298365951675,95.42344033830986
I10,injury,8,8,194.61725122450633,99.82498409043698
I10,injury,9,9,193.4746215491728,106.72375136954895
I10,injury,10,10,192.94684924042932,112.07970655222313
I10,injury,11,11,193.21880750856118,114.96858827197147
I10,injury,12,12,190.244974354008,112.40731060420923
I10,injury,13,13,190.82409221905297,115.37297033160517
I10,injury,14,14,190.14486172505437,111.51379032635408
I10,injury,15,15,185.26408662618638,107.23238111979536
I10,injury,16,16,179.16122028736825,107.56083719813662
I10,injury,17,17,181.73635205249232,107.5205898373622
I10,injury,18,18,174.15510778047877,106.94830845635855
I10,injury,19,19,172.86671079058095,113.23630470703486
I10,injury,20,20,167.69529705182228,112.06427189923727
I10,injury,21,21,172.01285509345598,113.41420692327691
I10,injury,22,22,172.90279431400526,113.75796023434854
I10,injury,23,23,173.09262492997706,116.09078882518415
I10,injury,24,24,169.86416597329875,118.72496456190875
I10,injury,25,25,164.94515692264213,119.71006848040336
I10,injury,26,26,164.68137981250112,117.86118921582704
I10,injury,27,27,163.81332398652418,115.99356875783037
I10,injury,28,28,159.79822000593896,114.93272453298944
I10,injury,29,29,155.68625409982397,115.90111692526918
I11,injury,0,0,149.59802579048937,163.01461924375081
I11,injury,1,1,145.2535885867029,161.31573449700778
I11,injury,2,2,142.57977836205737,165.2911746836323
I11,injury,3,3,142.77064819890714,164.65597327599912
I11,injury,4,4,143.46680652211631,158.33439623401006
I11,injury,5,5,142.53740575319358,164.32693876742434
I11,injury,6,6,142.1344452724016,164.53067827493234
I11,injury,7,7,142.97883041132818,167.2174940048754
I11,injury,8,8,136.1864303326586,162.17051455950232
I11,injury,9,9,136.01730420591704,160.0258848738098
I11,injury,10,10,139.1533799925768,159.08036170415411
I11,injury,11,11,132.54978778543745,155.27631995362214
I11,injury,12,12,123.50075972654572,154.5739433417734
I11,injury,13,13,122.13560734475257,153.3005552124277
I11,injury,14,14,124.57224446184179,156.89611472197777
I11,injury,15,15,123.26107919177346,150.4920337195472
I11,injury,16,16,124.31292393325023,152.15811440507292
I11,injury,17,17,124.44109864372106,155.10255365299727
I11,injury,18,18,120.14661435433794,161.1288198115527
I11,injury,19,19,116.46833109491234,163.37648859315524
I11,injury,20,20,110.60628801167229,160.5856945313451
I11,injury,21,21,114.3553939518483,159.80299506234255
I11,injury,22,22,116.0751617672467,160.51386122850028
I11,injury,23,23,114.96028729924618,164.60541220329836
I11,injury,24,24,113.45031082529047,159.26319788060795
I11,injury,25,25,110.24059054943535,160.91677306671303
I11,injury,26,26,110.62711786852287,156.21559831600672
I11,injury,27,27,107.65409031029827,154.47043426839997
I11,injury,28,28,105.7576815279556,150.34269350259532
I11,injury,29,29,103.07256820359716,148.15686204681674
I12,injury,0,0,35.09244931581756,162.39764030210898
I12,injury,1,1,35.45501794155111,161.22152091449678
I12,injury,2,2,36.67479087766845,158.77179559213005
I12,injury,3,3,34.03429463116613,155.9511319653529
I12,injury,4,4,32.92985513925176,152.4607105659761
I12,injury,5,5,34.21603381644038,154.6498575873272
I12,injury,6,6,30.254738914045653,154.7252437209753
I12,injury,7,7,30.394931528246648,155.7497697775857
I12,injury,8,8,31.156115223935885,151.3889719377908
I12,injury,9,9,28.16894732736439,151.47724266454574
I12,injury,10,10,32.05529008660092,144.83468055141674
I12,injury,11,11,33.89246982600566,148.40354656727968
I12,injury,12,12,34.23339219738702,150.054154055359
I12,injury,13,13,32.924184954693615,149.69605545752836
I12,injury,14,14,28.861444399769162,142.66302553227175
I12,injury,15,15,32.489741803444986,139.70804074909842
I12,injury,16,16,31.923158268434694,135.54871398928785
I12,injury,17,17,28.493249159183065,135.027200889004
I12,injury,18,18,27.104517576776125,136.1611138829881
I12,injury,19,19,29.2621328337149,137.12366282196191
I12,injury,20,20,30.77793520650023,141.85696743675757
I12,injury,21,21,28.37515389936557,141.69216283814882
I12,injury,22,22,32.57322336092434,145.48578226616291
I12,injury,23,23,29.10793241289062,144.5487159411953
I12,injury,24,24,33.9822957004924,146.0729532567925
I12,injury,25,25,35.36808479493172,145.4198991764885
I12,injury,26,26,35.016682017808485,146.2845563657595
I12,injury,27,27,35.059559642855035,146.15682050262618
I12,injury,28,28,36.095355761200146,144.12260591714568
I12,injury,29,29,38.49174388284446,152.86533986239195
I13,injury,0,0,169.3342101016487,79.83906053155809
I13,injury,1,1,166.25363983579197,81.57126826411584
I13,injury,2,2,165.59331225577554,83.85683258624323
I13,injury,3,3,168.31983198530187,84.43409593954777
I13,injury,4,4,170.9159888505444,77.40120225818174
I13,injury,5,5,174.88734574429247,78.52638871385876
I13,injury,6,6,177.32087581152803,74.8667614793342
I13,injury,7,7,174.028566166712,75.30457636176853
I13,injury,8,8,173.1774524986996,76.1537821257985
I13,injury,9,9,175.63099798148951,70.85812117988995
I13,injury,10,10,177.75245519664145,70.88296690976372
I13,injury,11,11,176.3411096132678,66.46962120660905
I13,injury,12,12,177.0502556183984,59.22729765351593
I13,injury,13,13,178.19543765211455,54.75098014709695
I13,injury,14,14,177.55581138996698,54.39347363511319
I13,injury,15,15,180.26442583184863,53.857508128071515
I13,injury,16,16,177.38201014841164,52.337700040157905
I13,injury,17,17,180.40065845467564,53.946590947700585
I13,injury,18,18,178.44376851010614,53.237251687807046
I13,injury,19,19,172.9422372383498,54.40267429036167
I13,injury,20,20,166.8627901152634,56.65806368786804
I13,injury,21,21,166.4486548927372,63.8189190865898
I13,injury,22,22,162.3482482315643,63.5109328134679
I13,injury,23,23,166.94311133433348,67.08510173434215
I13,injury,24,24,164.0544751795938,67.75700401946249
I13,injury,25,25,163.26047324883905,68.60287162164495
I13,injury,26,26,160.36443194088457,68.33491041354274
I13,injury,27,27,154.77027481505442,68.74028076914699
I13,injury,28,28,155.32033683531992,68.05802253121534
I13,injury,29,29,149.67518416356555,71.02361811976974
I14,injury,0,0,131.6961536786584,165.91908181714098
I14,injury,1,1,130.0543523381442,161.41707360879545
I14,injury,2,2,126.1781219548105,159.80363956972403
I14,injury,3,3,129.06338439165097,157.8851293970616
I14,injury,4,4,130.18402536963725,156.27018078847686
I14,injury,5,5,130.12786805219287,155.84599428204547
I14,injury,6,6,131.94703785247108,154.2415602673898
I14,injury,7,7,126.42945310246377,150.0957131732989
I14,injury,8,8,124.0338206206355,146.34853326126472
I14,injury,9,9,124.46445666767416,144.9512287666905
I14,injury,10,10,130.78827631775346,139.7380849812791
I14,injury,11,11,130.59917585388285,136.35422591076207
I14,injury,12,12,128.31897183273483,136.7784843307837
I14,injury,13,13,120.54285770811197,137.48896268114777
I14,injury,14,14,125.45158009493447,136.128647786042
I14,injury,15,15,125.431003665351,139.2034128654182
I14,injury,16,16,124.13914316527001,137.46053229982374
I14,injury,17,17,116.51193395410476,139.38350445800867
I14,injury,18,18,115.37242872491807,136.34545290384418
I14,injury,19,19,114.95221885575114,134.59441183342562
I14,injury,20,20,112.56694046240456,136.41328530175176
I14,injury,21,21,107.75179322843303,139.55523115997303
I14,injury,22,22,102.75873473907782,137.56712693490724
I14,injury,23,23,107.72757332127756,140.9491912198345
I14,injury,24,24,107.22038529876389,138.12760057333085
I14,injury,25,25,104.8325683786642,138.34742651708794
I14,injury,26,26,104.14513807568301,138.07481372821005
I14,injury,27,27,103.25264053343045,137.4316883990947
I14,injury,28,28,98.1267043265104,135.88215617261218
I14,injury,29,29,101.67057648847094,131.77715327995884
I15,injury,0,0,33.942821019712135,159.31434596053828
I15,injury,1,1,35.07687230790647,158.14844641733782
I15,injury,2,2,40.30905330283048,159.66819587990858
I15,injury,3,3,37.17364380549884,161.6818799147497
I15,injury,4,4,35.64968823671265,159.9508908006171
I15,injury,5,5,37.391145297034015,158.4756485414267
I15,injury,6,6,40.86971274600288,156.15211835688652
I15,injury,7,7,39.81287308822879,154.1830056762422
I15,injury,8,8,38.91595684316368,157.48058034288564
I15,injury,9,9,41.60234572399459,162.61041220492186
I15,injury,10,10,49.205278335692356,159.51826110912484
I15,injury,11,11,50.21653571767422,155.98966015919453
I15,injury,12,12,48.68371793442942,154.09941262842753
I15,injury,13,13,46.31225331201459,150.94375080973228
I15,injury,14,14,46.679400176453825,147.29359555457305
I15,injury,15,15,50.00578105386673,144.5403349423205
I15,injury,16,16,59.2344879641559,143.18618158942732
I15,injury,17,17,60.25054088990706,139.30015803602922
I15,injury,18,18,66.16881616428998,142.65866007843798
I15,injury,19,19,67.85956377649832,138.61825243209927
I15,injury,20,20,69.29156440967218,135.2539592940475
I15,injury,21,21,74.47863020009225,137.681543489607
I15,injury,22,22,75.56494731555546,130.37241649986504
I15,injury,23,23,73.41469937957837,132.43569989466465
I15,injury,24,24,77.85335045474784,135.76320932914103
I15,injury,25,25,73.87731144802348,136.66786624957976
I15,injury,26,26,77.72385709747226,131.69285955283303
I15,injury,27,27,78.50014355135255,132.5143867477584
I15,injury,28,28,78.39784979681235,126.9579011815548
I15,injury,29,29,78.22075546659117,125.97598489078973
