track_id,condition,frame,time_min,x_um,y_um,distance_to_sinusoid_um
C01,control,0,0,154.79120971119266,87.77568795041046,54.791209711192664
C01,control,1,1,157.04256329861204,90.5973820995841,57.04256329861204
C01,control,2,2,151.18945773265054,86.69084357899715,51.18945773265054
C01,control,3,3,151.5729789421524,85.7421158019664,51.57297894215239
C01,control,4,4,151.52257546963952,83.18298401924567,51.52257546963952
C01,control,5,5,154.160769394228,85.5163598255325,54.160769394228
C01,control,6,6,154.35886148691165,88.8980834464366,54.35886148691165
C01,control,7,7,155.76138951366778,86.32020605778689,55.76138951366778
C01,control,8,8,156.8676418659153,83.44355825529989,56.86764186591529
C01,control,9,9,159.5029927698371,83.29378052234114,59.50299276983711
C01,control,10,10,158.94840567920133,81.25099188912931,58.94840567920133
C01,control,11,11,162.61602969522343,80.78740344292291,62.61602969522343
C01,control,12,12,161.33104622873412,79.73100279145822,61.331046228734124
C01,control,13,13,162.92797378539416,80.82733498455046,62.92797378539416
C01,control,14,14,164.16617162018213,82.11979799357411,64.16617162018213
C01,control,15,15,170.5911144227935,80.90055294442027,70.59111442279351
C01,control,16,16,169.0543862355789,78.45923475967663,69.0543862355789
C01,control,17,17,170.90232450330538,81.84615163783931,70.90232450330538
C01,control,18,18,170.56048213034074,79.32568220695173,70.56048213034074
C01,control,19,19,168.08703848326704,81.27746057042583,68.08703848326704
C01,control,20,20,170.31680099687736,82.90692337534142,70.31680099687736
C01,control,21,21,168.3202718750113,83.60340734454158,68.32027187501129
C01,control,22,22,168.67032930243346,84.25947313472862,68.67032930243346
C01,control,23,23,171.28461563627803,84.93025978105267,71.28461563627803
C01,control,24,24,173.32135632549372,85.13299698951934,73.32135632549372
C01,control,25,25,174.18871452156367,87.02686166703496,74.18871452156367
C01,control,26,26,169.81724706199668,86.06784801796306,69.81724706199668
C01,control,27,27,168.4061290991183,84.15121447323303,68.40612909911829
C01,control,28,28,167.58070234543823,88.63603840693621,67.58070234543823
C01,control,29,29,164.9832089983585,91.54087347071064,64.98320899835849
C02,control,0,0,113.04722129623777,152.9997714832051,13.047221296237765
C02,control,1,1,113.53548049155278,154.75843847728294,13.535480491552775
C02,control,2,2,115.66916023093134,157.13848018288272,15.66916023093134
C02,control,3,3,114.62298501418604,155.751424804889,14.622985014186042
C02,control,4,4,117.19691265795748,155.17751183024416,17.196912657957483
C02,control,5,5,113.36985368794372,151.7776501882337,13.369853687943717
C02,control,6,6,110.61149682993889,153.269132420395,10.611496829938886
C02,control,7,7,111.03877403815058,155.34058848259832,11.038774038150578
C02,control,8,8,109.75701609914096,155.81620755582847,9.757016099140955
C02,control,9,9,111.63378728104298,154.88816793666774,11.633787281042984
C02,control,10,10,113.00411299371522,152.9023901134678,13.004112993715225
C02,control,11,11,111.91495145402,151.7571764314728,11.914951454019999
C02,control,12,12,108.32743251725287,153.21809387382956,8.327432517252873
C02,control,13,13,106.91922549664471,153.25557623001262,6.919225496644714
C02,control,14,14,108.36146547336244,154.59516975810246,8.361465473362443
C02,control,15,15,110.3576208002808,154.2997133045742,10.357620800280799
C02,control,16,16,109.08772586414834,154.060558671855,9.08772586414834
C02,control,17,17,104.02572256227424,149.71922125458573,4.02572256227424
C02,control,18,18,100.05762372521104,146.7274807717813,0.05762372521104453
C02,control,19,19,101.25694640538136,144.01104360570113,1.2569464053813562
C02,control,20,20,100.12245874326318,147.90872849905932,0.12245874326318074
C02,control,21,21,99.0536668300789,150.12127520446057,0.946333169921104
C02,control,22,22,96.25281379004926,149.50496253085768,3.7471862099507405
C02,control,23,23,93.40274762531752,148.487863303156,6.597252374682483
C02,control,24,24,95.9236720376897,143.30590203357897,4.076327962310302
C02,control,25,25,97.22694296832726,144.01910884057577,2.773057031672735
C02,control,26,26,95.44449310123689,139.6809352774104,4.555506898763113
C02,control,27,27,95.66088162437848,138.09245715021902,4.339118375621524
C02,control,28,28,96.3589102584426,138.15801358678934,3.641089741557394
C02,control,29,29,101.16424693240536,137.43994670437027,1.1642469324053621
C03,control,0,0,16.88886422797782,83.16148043412193,83.11113577202218
C03,control,1,1,17.548854279893114,87.23904315984323,82.4511457201069
C03,control,2,2,20.05418801763685,88.30965633729176,79.94581198236315
C03,control,3,3,24.444096691295535,84.7433671743232,75.55590330870447
C03,control,4,4,22.524842093046292,81.96363935010662,77.47515790695371
C03,control,5,5,21.355412683578987,77.83358090743769,78.64458731642101
C03,control,6,6,23.2608655240222,77.16691281614138,76.7391344759778
C03,control,7,7,18.848446640514226,74.12017557251875,81.15155335948577
C03,control,8,8,19.788988182864813,76.6345552762019,80.21101181713519
C03,control,9,9,25.779180857940172,85.37614267422389,74.22081914205982
C03,control,10,10,27.022409157768163,82.4075283141283,72.97759084223183
C03,control,11,11,20.626270315574235,83.2106627011598,79.37372968442577
C03,control,12,12,18.18744702964326,81.96459092062075,81.81255297035673
C03,control,13,13,16.351156632463834,81.5422182613716,83.64884336753616
C03,control,14,14,19.549097324826764,82.01336396370763,80.45090267517324
C03,control,15,15,19.073192813710698,78.90640270523019,80.9268071862893
C03,control,16,16,14.049143979597629,77.4474789780102,85.95085602040237
C03,control,17,17,13.887796327142665,82.75126871874984,86.11220367285733
C03,control,18,18,14.278619891561322,85.69948725181901,85.72138010843868
C03,control,19,19,12.780733095943866,82.14465595256793,87.21926690405613
C03,control,20,20,9.88538280924675,79.96897775896068,90.11461719075325
C03,control,21,21,16.27079200655224,77.50481772128752,83.72920799344776
C03,control,22,22,18.78625961776127,74.79603618702644,81.21374038223873
C03,control,23,23,21.580978656384005,75.95088908534403,78.419021343616
C03,control,24,24,21.111064963409735,75.82860150693773,78.88893503659027
C03,control,25,25,19.146701877121565,77.16681811138398,80.85329812287844
C03,control,26,26,17.781751436099224,73.49000082008223,82.21824856390077
C03,control,27,27,13.947938713140369,74.0077645732486,86.05206128685963
C03,control,28,28,18.68521248237167,74.48773941396891,81.31478751762833
C03,control,29,29,18.329297504042025,75.34521783277654,81.67070249595798
C04,control,0,0,63.1858103661586,154.4024864221976,36.8141896338414
C04,control,1,1,61.953028673657386,157.72135255237723,38.046971326342614
C04,control,2,2,63.23929798904223,162.32862052836524,36.76070201095777
C04,control,3,3,63.789001300707945,158.65521343320373,36.210998699292055
C04,control,4,4,59.68452370297095,163.60799722989748,40.31547629702905
C04,control,5,5,64.85552086532084,163.06943959004968,35.14447913467916
C04,control,6,6,63.70595890191288,167.4537724667763,36.29404109808712
C04,control,7,7,60.38482185578241,164.7695914099088,39.61517814421759
C04,control,8,8,62.31480223984955,163.58577604133004,37.68519776015045
C04,control,9,9,62.29943663968933,163.0954473457565,37.70056336031067
C04,control,10,10,63.31216028608613,167.31789292969765,36.68783971391387
C04,control,11,11,63.58391500679137,169.2497093095282,36.41608499320863
C04,control,12,12,57.4333987036983,169.10355410373785,42.5666012963017
C04,control,13,13,54.90370789281969,165.44711492246697,45.09629210718031
C04,control,14,14,52.26925079203344,164.44474460036452,47.73074920796656
C04,control,15,15,55.01695841910148,160.46556644714582,44.98304158089852
C04,control,16,16,55.10885289688473,159.01305814714507,44.89114710311527
C04,control,17,17,54.12583361379885,162.0213316230589,45.87416638620115
C04,control,18,18,55.740179924810626,166.03352594538714,44.259820075189374
C04,control,19,19,55.27666288706092,163.94569811037502,44.72333711293908
C04,control,20,20,54.60508643641943,164.67318848418867,45.39491356358057
C04,control,21,21,55.13480651178056,161.42002426748857,44.86519348821944
C04,control,22,22,55.40627585666418,162.10470925790528,44.59372414333582
C04,control,23,23,62.95869796926594,167.7352430917503,37.04130203073406
C04,control,24,24,60.39896791758948,166.87309300710277,39.60103208241052
C04,control,25,25,56.008641912078474,165.1009719652123,43.991358087921526
C04,control,26,26,56.95545692284949,168.718532827877,43.04454307715051
C04,control,27,27,54.768205409618666,166.7560935076736,45.231794590381334
C04,control,28,28,48.3263383204027,166.26809574603888,51.6736616795973
C04,control,29,29,45.13909508482401,164.67977746394067,54.86090491517599
C05,control,0,0,74.83680868143654,85.17641727470198,25.163191318563463
C05,control,1,1,74.55402101867887,79.90323210063208,25.445978981321133
C05,control,2,2,70.15288528250589,86.29097343671698,29.847114717494108
C05,control,3,3,66.2906175386838,83.00061670135307,33.709382461316196
C05,control,4,4,71.80135812364774,91.71581820907429,28.198641876352255
C05,control,5,5,68.28665823717172,90.6110713387102,31.71334176282828
C05,control,6,6,69.31132488999324,95.79716427192696,30.688675110006756
C05,control,7,7,66.35075365470853,95.06133073410064,33.64924634529147
C05,control,8,8,68.68276638289376,96.36562895750048,31.31723361710624
C05,control,9,9,67.55429816920346,95.96416006395236,32.44570183079654
C05,control,10,10,63.42961074409352,95.24963883202835,36.57038925590648
C05,control,11,11,62.63044827406665,95.94614850090711,37.36955172593335
C05,control,12,12,60.9644666176096,97.36076406854257,39.0355333823904
C05,control,13,13,64.00261407106909,97.82705205154797,35.99738592893091
C05,control,14,14,65.0578832962667,97.98651809428156,34.942116703733305
C05,control,15,15,65.05813647554093,95.821843993653,34.941863524459066
C05,control,16,16,66.00761926056086,95.52998419841254,33.99238073943914
C05,control,17,17,72.28712418735265,100.25004890583828,27.712875812647354
C05,control,18,18,73.44466384502215,97.96087727675396,26.55533615497785
C05,control,19,19,70.1074294290719,101.53430613602056,29.8925705709281
C05,control,20,20,70.89567710451331,102.9747363461954,29.10432289548669
C05,control,21,21,65.66191914359074,105.75705179086994,34.33808085640926
C05,control,22,22,67.02518015823382,102.4257597376265,32.97481984176618
C05,control,23,23,65.61060573588398,103.21691135069608,34.38939426411602
C05,control,24,24,65.76800613095271,102.3403977932854,34.23199386904729
C05,control,25,25,65.45754132675484,101.58446565866475,34.542458673245164
C05,control,26,26,65.91522886306224,105.99894157764425,34.08477113693776
C05,control,27,27,58.21525354026835,105.28839078411518,41.78474645973165
C05,control,28,28,58.744790804385694,106.17637275317648,41.255209195614306
C05,control,29,29,57.629047060421826,100.90620740574072,42.370952939578174
C06,control,0,0,83.377873718977,46.51398810577474,16.622126281023
C06,control,1,1,78.77628950422859,49.10547214686931,21.223710495771414
C06,control,2,2,77.7907138348599,48.921499109382765,22.2092861651401
C06,control,3,3,74.63201830274805,47.91813059231514,25.36798169725195
C06,control,4,4,78.53215208684493,49.66609631827826,21.46784791315507
C06,control,5,5,83.72908690307476,53.19833198521134,16.27091309692524
C06,control,6,6,85.04634693986348,58.430135563714714,14.953653060136517
C06,control,7,7,86.36332641607838,60.91410009410589,13.63667358392162
C06,control,8,8,85.47361355547426,61.113737541683506,14.526386444525741
C06,control,9,9,83.38134208557342,64.08248934546806,16.618657914426578
C06,control,10,10,79.84643121622882,66.42954037272105,20.153568783771178
C06,control,11,11,79.27447804371334,69.94328165312301,20.725521956286656
C06,control,12,12,81.52708500990713,75.40522012606341,18.472914990092875
C06,control,13,13,83.71940908332306,70.6890993591037,16.280590916676942
C06,control,14,14,83.51854956462846,67.17307778131925,16.481450435371542
C06,control,15,15,81.96371003752964,71.70676308114942,18.036289962470363
C06,control,16,16,83.87631147022273,69.60997179541317,16.12368852977727
C06,control,17,17,80.83515937090154,69.70831807404196,19.164840629098464
C06,control,18,18,77.18547892275815,67.69489724185222,22.81452107724185
C06,control,19,19,78.12150733741188,71.16083335017231,21.878492662588116
C06,control,20,20,79.9477917540852,64.286964824378,20.052208245914798
C06,control,21,21,80.86089194117598,64.50306554407574,19.13910805882402
C06,control,22,22,82.10256279729406,69.35169458902936,17.897437202705945
C06,control,23,23,75.91284796687982,67.57838431345604,24.087152033120176
C06,control,24,24,77.68556693525989,62.83360111509421,22.314433064740115
C06,control,25,25,82.11341407942041,63.93867095319619,17.88658592057959
C06,control,26,26,84.65316603695062,62.2258399686308,15.346833963049377
C06,control,27,27,87.09445710684925,65.43125463659791,12.905542893150752
C06,control,28,28,87.79309116726076,66.134457314694,12.206908832739245
C06,control,29,29,88.60412088510593,63.54442152047586,11.395879114894072
C07,control,0,0,62.88799604085258,31.52232972499993,37.11200395914742
C07,control,1,1,64.03817763391307,34.521802465730815,35.961822366086935
C07,control,2,2,60.862569387977835,34.14677537477208,39.137430612022165
C07,control,3,3,65.30693603095476,31.916010688334392,34.69306396904524
C07,control,4,4,62.8401859790838,32.522929263827976,37.1598140209162
C07,control,5,5,65.37334155053976,32.557207430509955,34.62665844946024
C07,control,6,6,69.36022332185073,35.127589378209535,30.639776678149275
C07,control,7,7,71.8856835225209,36.789938882181815,28.114316477479093
C07,control,8,8,78.86864282355916,36.17445381558368,21.131357176440844
C07,control,9,9,72.85807594735961,40.9872169001351,27.14192405264039
C07,control,10,10,71.48497765448913,41.31085823316421,28.51502234551087
C07,control,11,11,75.4136297090707,36.50407960998743,24.586370290929295
C07,control,12,12,71.65868806675229,31.700245798630867,28.34131193324771
C07,control,13,13,69.27627919667601,33.01915561668185,30.723720803323985
C07,control,14,14,70.84884272511432,33.84797815466751,29.151157274885676
C07,control,15,15,66.61054507343722,26.917667844769575,33.38945492656278
C07,control,16,16,66.77360582960837,25.502339743854566,33.22639417039163
C07,control,17,17,68.1517631447582,27.60820062251838,31.848236855241794
C07,control,18,18,68.56648744093425,29.88859987864594,31.433512559065747
C07,control,19,19,69.25412156327945,31.478793995450346,30.745878436720545
C07,control,20,20,67.1401017746698,30.939959753955968,32.8598982253302
C07,control,21,21,67.73043006464067,33.401545180208224,32.26956993535933
C07,control,22,22,66.54920654796696,34.96504694740456,33.45079345203304
C07,control,23,23,65.75169017222082,34.61242044542017,34.24830982777918
C07,control,24,24,68.24024729829304,28.633239332257705,31.759752701706958
C07,control,25,25,64.35083031406876,24.18668313992924,35.64916968593124
C07,control,26,26,57.34998195452384,22.15188981946371,42.65001804547616
C07,control,27,27,59.598283653707064,21.297237620315983,40.401716346292936
C07,control,28,28,60.19165389953262,24.564890110448363,39.80834610046738
C07,control,29,29,64.1747122963357,24.357476306269945,35.8252877036643
C08,control,0,0,24.984735861128616,100.90619803859732,75.01526413887139
C08,control,1,1,29.045493529836808,101.18257801389964,70.9545064701632
C08,control,2,2,26.53329885835442,99.39937695730345,73.46670114164559
C08,control,3,3,22.09168932065937,96.73497539610248,77.90831067934063
C08,control,4,4,21.017639256436084,99.14573045423828,78.98236074356392
C08,control,5,5,26.17994874993403,94.99918590810717,73.82005125006597
C08,control,6,6,27.35843115471379,91.87755409063456,72.6415688452862
C08,control,7,7,28.7825224201034,91.48429413857136,71.2174775798966
C08,control,8,8,23.289804942560806,94.26918511327682,76.7101950574392
C08,control,9,9,21.47480280413461,92.66748439815616,78.52519719586539
C08,control,10,10,18.26554557026554,90.7046345680935,81.73445442973446
C08,control,11,11,19.549216892350294,90.13690154528427,80.4507831076497
C08,control,12,12,20.53520289919774,91.2226671070708,79.46479710080226
C08,control,13,13,24.497187865782237,90.19430865447768,75.50281213421776
C08,control,14,14,20.06661441524504,93.39597590419362,79.93338558475496
C08,control,15,15,19.07214989895328,96.73975323792575,80.92785010104672
C08,control,16,16,20.22228123850069,96.34634064731571,79.77771876149932
C08,control,17,17,21.268608920639572,102.19937832769462,78.73139107936044
C08,control,18,18,27.499550507800834,102.40752173309296,72.50044949219917
C08,control,19,19,27.98012228775206,105.63624220549212,72.01987771224793
C08,control,20,20,25.44313918945002,106.63545332334688,74.55686081054998
C08,control,21,21,25.36555064558845,107.57717795771954,74.63444935441154
C08,control,22,22,22.86544422774023,102.80847547779264,77.13455577225977
C08,control,23,23,16.646493919766357,99.45632313882382,83.35350608023364
C08,control,24,24,15.270468064948355,98.57674837887754,84.72953193505164
C08,control,25,25,21.082161552236908,101.89472848859944,78.91783844776309
C08,control,26,26,18.195888203212025,102.9378538459523,81.80411179678798
C08,control,27,27,16.97465349416105,102.08476233183202,83.02534650583895
C08,control,28,28,17.530630442407197,103.9422756827582,82.4693695575928
C08,control,29,29,16.51285499075515,107.13383028096128,83.48714500924484
C09,control,0,0,86.28363903597803,125.20249618821144,13.716360964021973
C09,control,1,1,94.07666021576551,125.87173541608723,5.923339784234486
C09,control,2,2,98.37630373558405,126.14629595060688,1.6236962644159547
C09,control,3,3,100.11863502157344,125.9759463674288,0.1186350215734393
C09,control,4,4,99.60741227808084,123.63749917725254,0.39258772191915625
C09,control,5,5,100.8983163549535,121.08288760969523,0.8983163549534936
C09,control,6,6,102.89507206389378,124.33874862303296,2.895072063893778
C09,control,7,7,103.99466628560546,123.4800024223659,3.9946662856054616
C09,control,8,8,105.35656302353156,122.55398325572666,5.356563023531564
C09,control,9,9,108.163204399927,117.0597650030813,8.163204399926997
C09,control,10,10,107.15638229557106,111.08732901770932,7.156382295571063
C09,control,11,11,102.67119980488944,115.17891570715103,2.67119980488944
C09,control,12,12,105.35675475080453,113.02047500729668,5.356754750804527
C09,control,13,13,100.84924438268182,104.12688849377172,0.8492443826818175
C09,control,14,14,99.21875785888392,111.38813353051393,0.7812421411160813
C09,control,15,15,100.52341067327488,109.70941667236546,0.5234106732748813
C09,control,16,16,101.91865130177578,105.02654161338214,1.9186513017757818
C09,control,17,17,101.02668121368288,105.32497403242937,1.0266812136828776
C09,control,18,18,100.76837925821974,107.6973923974996,0.7683792582197384
C09,control,19,19,101.8023149369279,109.70237045182358,1.8023149369278997
C09,control,20,20,99.73719809023562,112.39581667705522,0.26280190976437723
C09,control,21,21,104.6240089331076,109.48536811810098,4.6240089331076035
C09,control,22,22,101.96092196596392,113.49272112706169,1.9609219659639194
C09,control,23,23,101.38689000587874,117.70418530326135,1.3868900058787403
C09,control,24,24,100.05928287020218,122.06932203207349,0.059282870202181925
C09,control,25,25,100.45374032061854,122.84400850204158,0.453740320618536
C09,control,26,26,105.14789438562823,121.75869706970906,5.147894385628234
C09,control,27,27,102.32452809785336,120.413004445624,2.32452809785336
C09,control,28,28,103.6815299497828,115.71572722908246,3.6815299497827993
C09,control,29,29,105.59394265773616,114.09941327622924,5.593942657736164
C10,control,0,0,117.2890346029592,98.65799517013332,17.289034602959205
C10,control,1,1,114.92933727764668,93.59859071643102,14.929337277646681
C10,control,2,2,112.45064887855484,94.34158841975784,12.450648878554844
C10,control,3,3,111.91296900220556,93.5814557129138,11.912969002205557
C10,control,4,4,111.43541438806538,94.19162043477364,11.435414388065382
C10,control,5,5,108.40980626223606,96.3121693574708,8.40980626223606
C10,control,6,6,110.39780417339252,97.4672831704391,10.397804173392515
C10,control,7,7,112.06740450164632,98.35653717286507,12.067404501646323
C10,control,8,8,118.17262440983951,98.09525465970756,18.172624409839514
C10,control,9,9,117.25137475483578,95.83467191863542,17.25137475483578
C10,control,10,10,114.15458674310229,92.1012565558322,14.154586743102286
C10,control,11,11,111.48819480340951,91.88921541087598,11.488194803409513
C10,control,12,12,112.49108018890266,92.04264158653248,12.491080188902657
C10,control,13,13,110.19447435661353,94.74319527859237,10.194474356613526
C10,control,14,14,112.41271237351636,94.2642503563263,12.412712373516356
C10,control,15,15,110.45396393952224,95.9095341188157,10.45396393952224
C10,control,16,16,111.01788470198052,91.56515234057056,11.01788470198052
C10,control,17,17,110.81394393402732,92.35125977679373,10.813943934027321
C10,control,18,18,108.11485957456406,92.92078995530603,8.114859574564065
C10,control,19,19,103.7503921187907,96.92934825534256,3.7503921187906997
C10,control,20,20,107.494242073969,96.17179625243364,7.494242073969005
C10,control,21,21,108.5846050874862,88.94203035503402,8.584605087486196
C10,control,22,22,105.1155621066902,88.06069359457763,5.115562106690206
C10,control,23,23,101.89916304240964,90.2038830424696,1.89916304240964
C10,control,24,24,107.8910526346536,86.6740388841817,7.8910526346536045
C10,control,25,25,105.37866242239802,87.3803839891115,5.378662422398023
C10,control,26,26,110.21201086789688,83.71326105149178,10.212010867896879
C10,control,27,27,110.9591192348177,89.17715760393111,10.959119234817706
C10,control,28,28,106.0038417902799,85.33394998339361,6.003841790279907
C10,control,29,29,104.7330219708974,83.77218474482737,4.733021970897397
C11,control,0,0,197.10803389898524,92.9946912387306,97.10803389898524
C11,control,1,1,191.78314772005885,94.54092244743303,91.78314772005885
C11,control,2,2,190.0505310579919,98.36426409825675,90.05053105799189
C11,control,3,3,188.16776844868113,96.45441824895006,88.16776844868113
C11,control,4,4,189.79116328109473,98.74319769596087,89.79116328109473
C11,control,5,5,191.13546137290336,93.68640574380645,91.13546137290336
C11,control,6,6,192.7495646926881,90.58348158878324,92.7495646926881
C11,control,7,7,193.45539302745289,86.31227828258606,93.45539302745289
C11,control,8,8,194.79435947008207,83.89248156966394,94.79435947008207
C11,control,9,9,190.9464555193005,86.03394197911115,90.94645551930051
C11,control,10,10,191.67138908433077,84.19201157493245,91.67138908433077
C11,control,11,11,196.02492563139396,82.87005431022322,96.02492563139396
C11,control,12,12,196.12124865330676,83.67679465325902,96.12124865330676
C11,control,13,13,194.26225085092096,85.0902035334588,94.26225085092096
C11,control,14,14,192.66189380942677,83.85528856681017,92.66189380942677
C11,control,15,15,196.7498217288368,80.73353040927287,96.74982172883679
C11,control,16,16,189.51148073604833,85.56634139430855,89.51148073604833
C11,control,17,17,197.15946459386933,84.35053359796055,97.15946459386933
C11,control,18,18,191.34895047200877,83.41908166937272,91.34895047200877
C11,control,19,19,190.49028162248675,82.84931014630594,90.49028162248675
C11,control,20,20,187.1501174967212,84.58799357373537,87.15011749672121
C11,control,21,21,188.72363962257947,80.10477671427745,88.72363962257947
C11,control,22,22,190.82122981766412,86.26283166011513,90.82122981766412
C11,control,23,23,191.3371108149753,85.25085617390961,91.33711081497529
C11,control,24,24,190.91110117175273,87.0966264748153,90.91110117175273
C11,control,25,25,185.71908635523107,87.5897985837472,85.71908635523107
C11,control,26,26,184.54769450684265,93.13327362261532,84.54769450684265
C11,control,27,27,184.02517630542775,98.1369364559739,84.02517630542775
C11,control,28,28,180.71395421208177,99.89871395638228,80.71395421208177
C11,control,29,29,181.67215500345543,97.29157221278793,81.67215500345543
C12,control,0,0,126.90805299035944,68.65849247578156,26.908052990359437
C12,control,1,1,125.93667787749963,63.58260452827227,25.936677877499633
C12,control,2,2,125.8839893980673,60.87533524389473,25.8839893980673
C12,control,3,3,124.85696658207566,60.63057193483937,24.856966582075657
C12,control,4,4,119.7400099340291,55.78359691687733,19.740009934029104
C12,control,5,5,121.18621044060568,54.21544082836829,21.186210440605677
C12,control,6,6,113.49197741514398,56.56997293819269,13.491977415143978
C12,control,7,7,114.3090866809667,54.42834846608324,14.3090866809667
C12,control,8,8,110.35859604779198,56.93577215502626,10.358596047791977
C12,control,9,9,111.40664791547329,64.08357900307848,11.406647915473286
C12,control,10,10,112.66721371164807,65.24668842686452,12.667213711648074
C12,control,11,11,112.1664299213224,67.69701602846689,12.166429921322404
C12,control,12,12,114.04168552506684,71.45219105416247,14.041685525066839
C12,control,13,13,112.477716769155,70.14596863533058,12.477716769154995
C12,control,14,14,111.04040725641906,72.51837379886754,11.040407256419059
C12,control,15,15,115.53553057730926,71.14185231941964,15.53553057730926
C12,control,16,16,114.26120939393,72.08408399102903,14.261209393930002
C12,control,17,17,113.52392489389128,74.9402449504487,13.523924893891277
C12,control,18,18,106.76859302203415,72.46012980969802,6.768593022034153
C12,control,19,19,104.42134402014982,65.49906177253958,4.421344020149817
C12,control,20,20,101.5304286870434,62.75359342500179,1.530428687043397
C12,control,21,21,100.92711472348692,66.09249109998258,0.9271147234869233
C12,control,22,22,100.1919327699148,63.00004993916912,0.1919327699147999
C12,control,23,23,100.02106914627424,66.14757080349317,0.021069146274243167
C12,control,24,24,97.09319269792952,63.41584615172882,2.906807302070476
C12,control,25,25,98.76883957575218,62.75123780453642,1.2311604242478182
C12,control,26,26,100.7112936478806,62.710297429150536,0.7112936478805949
C12,control,27,27,102.81628459214932,59.60506308702861,2.816284592149316
C12,control,28,28,102.78003063978451,58.97299304393914,2.7800306397845134
C12,control,29,29,99.13235786747212,54.282559200333075,0.8676421325278767
C13,control,0,0,86.26540402928993,156.11622750531686,13.734595970710075
C13,control,1,1,83.19856318434793,155.82769069454687,16.801436815652067
C13,control,2,2,86.58261975639584,148.9854771584311,13.417380243604157
C13,control,3,3,82.09270368668587,146.2168178327453,17.907296313314134
C13,control,4,4,86.47624028684686,147.0645787815032,13.52375971315314
C13,control,5,5,88.77819200823055,143.6440960241245,11.221807991769452
C13,control,6,6,85.41958438241898,144.98753717429264,14.580415617581025
C13,control,7,7,85.59440737522532,146.63375363088502,14.405592624774684
C13,control,8,8,85.03139440243996,147.4681848102489,14.968605597560042
C13,control,9,9,85.50575165715529,149.80148697750369,14.494248342844713
C13,control,10,10,87.9267765029887,144.94187099432838,12.073223497011298
C13,control,11,11,81.18497083696613,147.9471071872829,18.81502916303387
C13,control,12,12,84.74814611675194,144.88523812874288,15.25185388324806
C13,control,13,13,79.16863989711506,145.1823425917645,20.831360102884943
C13,control,14,14,81.96115457616665,150.57512615906745,18.03884542383335
C13,control,15,15,83.510047292471,149.45997606931036,16.489952707529
C13,control,16,16,80.83065542771641,149.49432994432232,19.169344572283592
C13,control,17,17,79.93286131606064,146.44912622713588,20.067138683939362
C13,control,18,18,86.07912826865049,151.80463143335228,13.920871731349507
C13,control,19,19,89.48727431931678,149.0420802399249,10.512725680683218
C13,control,20,20,92.05233229220862,150.9609594684186,7.947667707791382
C13,control,21,21,93.37996916482078,154.70995526954994,6.620030835179222
C13,control,22,22,95.2860825934046,156.92999797846295,4.7139174065953995
C13,control,23,23,97.19680144352124,157.95237220246926,2.803198556478762
C13,control,24,24,91.84596805437867,158.20323543470093,8.154031945621327
C13,control,25,25,90.17739217783132,154.36371256178086,9.822607822168678
C13,control,26,26,95.22284203573378,159.55069858443798,4.777157964266223
C13,control,27,27,99.3005038366206,160.3163388350056,0.6994961633793935
C13,control,28,28,103.35237919947858,160.3524983768111,3.3523791994785768
C13,control,29,29,103.96077103017193,157.07208426542516,3.9607710301719266
C14,control,0,0,34.58878728841561,101.45854031640866,65.4112127115844
C14,control,1,1,30.680830937912216,101.30494898095888,69.31916906208778
C14,control,2,2,30.44164224634179,106.6976324808928,69.55835775365821
C14,control,3,3,33.12428223188202,106.7319687981672,66.87571776811798
C14,control,4,4,33.87064416128527,106.86460593247978,66.12935583871473
C14,control,5,5,33.261902206898625,103.61732434031492,66.73809779310137
C14,control,6,6,32.80874657407784,101.3790295703574,67.19125342592216
C14,control,7,7,29.057799957308397,102.912695014,70.94220004269161
C14,control,8,8,30.2315939371081,97.55257247989576,69.7684060628919
C14,control,9,9,29.86354002462272,100.53967663759552,70.13645997537728
C14,control,10,10,33.04121124131168,103.61718716625126,66.95878875868831
C14,control,11,11,33.15795086201606,101.0820511823438,66.84204913798393
C14,control,12,12,29.906854379941876,102.11586589659488,70.09314562005812
C14,control,13,13,31.044694483037365,105.97785923141008,68.95530551696264
C14,control,14,14,34.34463343406362,105.58117326181656,65.65536656593639
C14,control,15,15,30.612015797481007,104.62385347078389,69.387984202519
C14,control,16,16,31.26370938191258,104.01760373461566,68.73629061808742
C14,control,17,17,29.53002705767961,104.77625817952536,70.4699729423204
C14,control,18,18,28.01815383344778,102.89205992834924,71.98184616655222
C14,control,19,19,28.952512336358097,101.68608218796165,71.0474876636419
C14,control,20,20,29.684825503293155,102.505694256518,70.31517449670685
C14,control,21,21,26.26653850001843,101.06197088492176,73.73346149998157
C14,control,22,22,30.579869319767816,97.57573234671892,69.42013068023218
C14,control,23,23,24.229905972856223,91.99019688699136,75.77009402714378
C14,control,24,24,24.31723581258623,92.08294872108948,75.68276418741377
C14,control,25,25,23.964403246310862,95.72551820787496,76.03559675368913
C14,control,26,26,15.945899947002053,96.91331983116744,84.05410005299795
C14,control,27,27,20.630214552412777,93.5299775364923,79.36978544758722
C14,control,28,28,19.490795017043087,91.27130178480644,80.50920498295692
C14,control,29,29,16.8077568788105,90.29251576973732,83.1922431211895
C15,control,0,0,40.87947341628584,148.7200730215304,59.12052658371416
C15,control,1,1,39.8716557411654,154.4352536637238,60.1283442588346
C15,control,2,2,39.978385172119275,159.69632674382706,60.021614827880725
C15,control,3,3,39.6984892231588,160.0895002219655,60.3015107768412
C15,control,4,4,40.79491264108731,169.6260612600681,59.20508735891269
C15,control,5,5,43.34876936562168,167.50426767021372,56.65123063437832
C15,control,6,6,46.255762976449255,166.4187700589607,53.744237023550745
C15,control,7,7,44.78651242774563,169.144574138637,55.21348757225437
C15,control,8,8,44.87976919105908,169.98030188217243,55.12023080894092
C15,control,9,9,44.92172485665496,170.99005126198873,55.07827514334504
C15,control,10,10,46.19662254896341,165.17915046387247,53.80337745103659
C15,control,11,11,48.19634055479201,162.23309220438156,51.80365944520799
C15,control,12,12,43.869443148113774,162.05785847280552,56.130556851886226
C15,control,13,13,44.121386158057135,159.97733997908867,55.878613841942865
C15,control,14,14,46.614481731061055,155.95081447997595,53.385518268938945
C15,control,15,15,45.393650484743375,154.19619207517695,54.606349515256625
C15,control,16,16,45.25388867372536,155.03278492911866,54.74611132627464
C15,control,17,17,42.230209824854725,157.20563296148734,57.769790175145275
C15,control,18,18,42.41921692985883,151.5297942015516,57.58078307014117
C15,control,19,19,36.54344260866773,151.49283632276365,63.45655739133227
C15,control,20,20,35.88054065530867,151.18257598203974,64.11945934469134
C15,control,21,21,35.79659328571802,151.85925550057027,64.20340671428198
C15,control,22,22,38.63954211526292,148.52594079781758,61.36045788473708
C15,control,23,23,35.12362733656054,145.24596922415543,64.87637266343947
C15,control,24,24,35.99037733806666,148.98081136009478,64.00962266193335
C15,control,25,25,34.69635902334812,141.4757118276158,65.30364097665188
C15,control,26,26,29.584380435517,138.97660165922778,70.415619564483
C15,control,27,27,27.911193773031354,137.7514357774636,72.08880622696864
C15,control,28,28,28.026937141974106,136.8161967849963,71.9730628580259
C15,control,29,29,31.174955973604327,134.78814486795216,68.82504402639567
I01,injury,0,0,147.02588550392667,59.206572582005144,47.02588550392667
I01,injury,1,1,141.6189592941483,60.37564769796515,41.61895929414831
I01,injury,2,2,141.1266188453271,59.93332022821065,41.1266188453271
I01,injury,3,3,145.09144716677488,58.066697892326495,45.091447166774884
I01,injury,4,4,150.4723416783471,57.3904035446422,50.47234167834711
I01,injury,5,5,145.84129234343644,57.600162287626674,45.841292343436436
I01,injury,6,6,141.81255674248013,55.34489474418617,41.812556742480126
I01,injury,7,7,142.2036566425266,57.01164101013654,42.203656642526596
I01,injury,8,8,139.5371535417638,59.97385644527574,39.537153541763786
I01,injury,9,9,142.2096768158272,64.28276171496562,42.20967681582721
I01,injury,10,10,142.9979170372044,68.37304785122271,42.99791703720439
I01,injury,11,11,136.55552175328222,67.41932820533732,36.55552175328222
I01,injury,12,12,133.15450598431195,67.77700578871949,33.15450598431195
I01,injury,13,13,130.64015832672175,67.2785322628703,30.640158326721746
I01,injury,14,14,135.4866829673339,66.76937287360917,35.486682967333905
I01,injury,15,15,135.92805991890455,66.07256488383646,35.92805991890455
I01,injury,16,16,135.35519978277506,66.09061492514468,35.35519978277506
I01,injury,17,17,135.90017198069455,69.5865375317862,35.90017198069455
I01,injury,18,18,140.04235397350453,70.51539777751371,40.04235397350453
I01,injury,19,19,141.01099463161134,67.06280424995701,41.01099463161134
I01,injury,20,20,139.94736440436446,69.88367264460778,39.947364404364464
I01,injury,21,21,141.7452703196159,70.51850184299293,41.74527031961591
I01,injury,22,22,143.60445219831976,71.99080196997438,43.60445219831976
I01,injury,23,23,146.40537097309772,72.85887944084571,46.40537097309772
I01,injury,24,24,144.5382760263846,73.86640321164478,44.53827602638461
I01,injury,25,25,134.94649289882628,75.01506042079993,34.94649289882628
I01,injury,26,26,123.20125442318192,69.84467019858367,23.201254423181922
I01,injury,27,27,123.75656022600488,71.27725821038406,23.75656022600488
I01,injury,28,28,119.46927388558508,69.14095208474724,19.469273885585082
I01,injury,29,29,122.78089685142749,67.68886169002921,22.780896851427485
I02,injury,0,0,124.54174899764163,150.16771694897193,24.541748997641633
I02,injury,1,1,124.96585752828544,155.01834014446774,24.96585752828544
I02,injury,2,2,124.5589388768657,152.01130820239533,24.558938876865696
I02,injury,3,3,123.42975652178282,151.90447599382506,23.42975652178282
I02,injury,4,4,118.53553156517812,151.1369797798026,18.53553156517812
I02,injury,5,5,115.5089552831858,153.9100530513649,15.508955283185799
I02,injury,6,6,114.81279090574158,153.0616658039222,14.81279090574158
I02,injury,7,7,113.69424511387383,153.7310318591407,13.694245113873833
I02,injury,8,8,114.7446877129432,150.73189517313256,14.744687712943204
I02,injury,9,9,110.81992481507936,154.04593281934015,10.81992481507936
I02,injury,10,10,108.78291419846518,149.79540654154954,8.782914198465178
I02,injury,11,11,109.3143523266145,151.1855159596476,9.314352326614497
I02,injury,12,12,103.92220655484438,151.87396110603842,3.9222065548443794
I02,injury,13,13,105.3289558321295,152.9971204611572,5.328955832129495
I02,injury,14,14,106.42490028341368,148.78431316688497,6.4249002834136775
I02,injury,15,15,106.61802074840226,147.87645388847363,6.618020748402259
I02,injury,16,16,104.36965027222833,150.48812071673282,4.369650272228327
I02,injury,17,17,108.00747380425102,155.8712308805339,8.00747380425102
I02,injury,18,18,111.15189741876874,155.54202833564332,11.15189741876874
I02,injury,19,19,111.41005790784776,157.84249695099606,11.410057907847758
I02,injury,20,20,110.97359175574616,158.2347895147307,10.973591755746156
I02,injury,21,21,112.64485115137472,158.0569415766529,12.644851151374723
I02,injury,22,22,109.65699034225372,156.81352237914533,9.65699034225372
I02,injury,23,23,110.75872147545496,156.82250225274518,10.758721475454962
I02,injury,24,24,110.97935140605996,158.83273997935174,10.979351406059962
I02,injury,25,25,109.05482701736712,161.10148447024116,9.054827017367117
I02,injury,26,26,109.39135482774232,157.39704520950673,9.391354827742319
I02,injury,27,27,112.91826920130106,155.89481097823597,12.918269201301058
I02,injury,28,28,107.1529831717455,152.75967984947707,7.152983171745504
I02,injury,29,29,103.28984768971054,152.91619980544968,3.289847689710541
I03,injury,0,0,55.03050512034267,27.730899246683904,44.96949487965733
I03,injury,1,1,57.6896110167901,28.750525330262015,42.3103889832099
I03,injury,2,2,59.43775462872296,29.980010702248094,40.56224537127704
I03,injury,3,3,62.08615863272968,23.656150676915765,37.91384136727032
I03,injury,4,4,61.79284387593629,17.11552048344734,38.20715612406371
I03,injury,5,5,62.70102365632968,17.101621566774305,37.29897634367032
I03,injury,6,6,66.63762048069873,20.66452474493767,33.36237951930127
I03,injury,7,7,68.04594562545583,19.16344151274697,31.95405437454417
I03,injury,8,8,70.30142896309304,17.57968860077403,29.698571036906955
I03,injury,9,9,71.097251008763,20.538097551656335,28.902748991237004
I03,injury,10,10,70.22393697079472,22.95513346938384,29.776063029205275
I03,injury,11,11,73.05614107687163,20.090758017991373,26.943858923128374
I03,injury,12,12,76.77782346152382,22.186457054105887,23.222176538476177
I03,injury,13,13,77.8836011236418,19.89948668002293,22.116398876358204
I03,injury,14,14,76.10598306791509,18.286498949313863,23.89401693208491
I03,injury,15,15,78.53376645779097,15.41962344710967,21.466233542209025
I03,injury,16,16,80.64630320365059,11.694356860474493,19.35369679634941
I03,injury,17,17,80.83409745033404,12.02330012419652,19.165902549665958
I03,injury,18,18,88.96948788551079,7.891353157635416,11.030512114489213
I03,injury,19,19,94.1855315849812,8.340880399597257,5.814468415018794
I03,injury,20,20,96.21904733902907,8.695924139761871,3.780952660970925
I03,injury,21,21,98.35322779361478,8.234868826675818,1.6467722063852221
I03,injury,22,22,103.51537833798716,6.865455394001651,3.5153783379871584
I03,injury,23,23,106.1120820545249,4.932354033362582,6.112082054524905
I03,injury,24,24,105.13132651532104,1.7164663764919244,5.131326515321035
I03,injury,25,25,105.6963976763636,6.051844247271526,5.696397676363603
I03,injury,26,26,104.66432913690105,5.461187151159797,4.664329136901046
I03,injury,27,27,100.52047824769728,4.773309190502873,0.5204782476972838
I03,injury,28,28,94.94209546853268,2.0346752303463917,5.057904531467315
I03,injury,29,29,96.42245360686007,5.991714823570581,3.577546393139926
I04,injury,0,0,123.93370519397229,186.58015648265064,23.933705193972287
I04,injury,1,1,127.4396056639086,187.3114139238556,27.439605663908594
I04,injury,2,2,126.18586272366947,188.60919727903405,26.185862723669473
I04,injury,3,3,125.57161217470936,188.9403844558707,25.571612174709358
I04,injury,4,4,123.54661268622937,184.74605547647417,23.546612686229366
I04,injury,5,5,118.1157370786631,186.70579012631785,18.115737078663102
I04,injury,6,6,116.48563680840596,184.91752342734935,16.485636808405957
I04,injury,7,7,115.71115368857542,187.30232018609624,15.711153688575422
I04,injury,8,8,115.45224551765462,185.33415537617333,15.452245517654617
I04,injury,9,9,118.33112438460148,190.07171188511825,18.33112438460148
I04,injury,10,10,119.01479435057004,192.99270241915048,19.014794350570043
I04,injury,11,11,121.94067434101146,196.383000368364,21.94067434101146
I04,injury,12,12,122.98297187234932,198.17804150958867,22.982971872349324
I04,injury,13,13,123.74195359238884,194.88602848594755,23.74195359238884
I04,injury,14,14,125.0441230629676,190.81858657256788,25.0441230629676
I04,injury,15,15,121.86032469759245,194.72928177599215,21.860324697592446
I04,injury,16,16,123.58098518567502,199.19147664504973,23.58098518567502
I04,injury,17,17,121.96596203461314,195.73473012121943,21.965962034613142
I04,injury,18,18,120.44465044340213,196.04082401294116,20.444650443402125
I04,injury,19,19,119.88161659242212,199.4418654492113,19.88161659242212
I04,injury,20,20,117.9978053174118,199.50203113537995,17.997805317411803
I04,injury,21,21,114.231923869108,199.1470170304886,14.231923869108002
I04,injury,22,22,113.4412495196649,196.89757701563505,13.441249519664893
I04,injury,23,23,111.93376143314032,196.34504977608935,11.933761433140319
I04,injury,24,24,110.32329604512904,198.34092649710755,10.323296045129041
I04,injury,25,25,109.2279580382054,197.60923816657555,9.2279580382054
I04,injury,26,26,102.13560516537498,194.92661611063713,2.135605165374983
I04,injury,27,27,100.54638489200592,192.8690580821072,0.5463848920059178
I04,injury,28,28,103.89150767213933,192.37424475591857,3.8915076721393262
I04,injury,29,29,106.95684042009408,192.55935865806964,6.956840420094082
I05,injury,0,0,150.46578288671054,100.83572087816276,50.46578288671054
I05,injury,1,1,149.67717164157492,105.99210588731236,49.677171641574915
I05,injury,2,2,141.91833946132127,99.98746865399632,41.91833946132127
I05,injury,3,3,139.48882696815292,100.03105229980902,39.48882696815292
I05,injury,4,4,140.75914024244497,101.45031389389143,40.75914024244497
I05,injury,5,5,138.80640250380327,104.50744497361671,38.80640250380327
I05,injury,6,6,141.09698871326145,105.05961846743142,41.09698871326145
I05,injury,7,7,143.18496143072198,105.8775542577278,43.184961430721984
I05,injury,8,8,140.70051235037334,107.97100477472782,40.700512350373344
I05,injury,9,9,140.23235171810938,107.97502431499127,40.232351718109385
I05,injury,10,10,143.8512124346781,100.622407929371,43.851212434678104
I05,injury,11,11,138.79815992419938,97.0611966502479,38.79815992419938
I05,injury,12,12,136.90837798149298,96.2973721409498,36.908377981492976
I05,injury,13,13,131.58640103817385,93.34189804401731,31.586401038173847
I05,injury,14,14,128.20387600260312,100.714170320245,28.203876002603124
I05,injury,15,15,132.80910184584457,99.47892206719104,32.809101845844566
I05,injury,16,16,130.91835197492418,96.03131007562617,30.918351974924178
I05,injury,17,17,124.39396073524838,95.6806695164006,24.393960735248385
I05,injury,18,18,120.6004047855163,95.42611792141456,20.600404785516304
I05,injury,19,19,114.99978723838588,93.1401945464838,14.999787238385878
I05,injury,20,20,114.64566852429436,94.2388233398356,14.645668524294365
I05,injury,21,21,115.0980844005204,90.27735638736448,15.098084400520406
I05,injury,22,22,116.8621415909271,87.87672129755894,16.862141590927095
I05,injury,23,23,117.960715334749,87.84480526770436,17.960715334748997
I05,injury,24,24,113.03155283751516,86.89621215396079,13.031552837515164
I05,injury,25,25,113.32764406370649,88.73510829538459,13.327644063706487
I05,injury,26,26,112.10468037137322,93.33044496718774,12.10468037137322
I05,injury,27,27,114.32721268433288,92.56048261798848,14.327212684332878
I05,injury,28,28,115.77757812074373,98.36186307355304,15.777578120743726
I05,injury,29,29,120.8590319230928,94.67786343108554,20.8590319230928
I06,injury,0,0,135.90540184179156,42.81845786734404,35.90540184179156
I06,injury,1,1,131.93055868927866,38.850834467469,31.930558689278655
I06,injury,2,2,129.67197629718152,40.11151459589276,29.671976297181516
I06,injury,3,3,128.56478617734822,38.15982373467598,28.564786177348225
I06,injury,4,4,125.7421487921747,36.02281254143786,25.742148792174703
I06,injury,5,5,122.30361990619788,42.867711173266045,22.30361990619788
I06,injury,6,6,122.39615311975454,45.52798833648026,22.396153119754544
I06,injury,7,7,120.12892071539775,44.97011830492212,20.128920715397754
I06,injury,8,8,117.1882587712867,37.01499330016451,17.188258771286698
I06,injury,9,9,112.2542309407431,31.583137260223328,12.2542309407431
I06,injury,10,10,104.70487960688828,27.99706033732902,4.704879606888284
I06,injury,11,11,107.87974664503318,27.863751834215957,7.87974664503318
I06,injury,12,12,110.95143793199672,29.096699564918584,10.951437931996722
I06,injury,13,13,112.49911440914218,26.394008579004858,12.49911440914218
I06,injury,14,14,113.2709672717202,28.580151281227895,13.270967271720195
I06,injury,15,15,110.74102539501912,30.258772393076395,10.741025395019122
I06,injury,16,16,111.63958867074362,28.610114529686147,11.63958867074362
I06,injury,17,17,107.47128337393065,25.05772953399133,7.471283373930646
I06,injury,18,18,106.930799999695,26.038759140359275,6.930799999694997
I06,injury,19,19,103.75322250832129,26.11851516433757,3.7532225083212865
I06,injury,20,20,104.66483361673671,27.973087308333472,4.664833616736715
I06,injury,21,21,108.5204739771042,31.8040298049276,8.520473977104203
I06,injury,22,22,104.71659967883456,36.85478843354167,4.716599678834555
I06,injury,23,23,102.3236701651674,39.98940687090495,2.3236701651673997
I06,injury,24,24,101.72763004332069,38.75295873553405,1.727630043320687
I06,injury,25,25,95.50453946399588,38.238265204885,4.495460536004117
I06,injury,26,26,91.62638975807906,41.14016291241332,8.373610241920943
I06,injury,27,27,96.9767677294968,38.74942994452324,3.0232322705032004
I06,injury,28,28,98.68267995705462,36.57325537849932,1.3173200429453829
I06,injury,29,29,97.59722576664424,38.896739490095435,2.402774233355757
I07,injury,0,0,75.71855751194619,18.927953649877736,24.281442488053813
I07,injury,1,1,75.07186007583742,21.925962647301205,24.92813992416258
I07,injury,2,2,76.16410031471077,24.313296676533906,23.835899685289235
I07,injury,3,3,75.62262734272093,24.164620163879157,24.377372657279068
I07,injury,4,4,76.07613070482412,21.656448819341797,23.923869295175876
I07,injury,5,5,78.86237530856938,23.60719583607689,21.137624691430617
I07,injury,6,6,81.44303939328609,28.218092797829826,18.556960606713915
I07,injury,7,7,86.59107379699499,27.093258728282414,13.40892620300501
I07,injury,8,8,88.51023075229753,25.22245666050778,11.489769247702469
I07,injury,9,9,89.3802967006412,23.423208313151186,10.619703299358804
I07,injury,10,10,95.04050762804935,24.514302764180073,4.959492371950645
I07,injury,11,11,95.1864202437361,28.0951584797492,4.8135797562639056
I07,injury,12,12,89.47457401434986,22.05285069515333,10.525425985650145
I07,injury,13,13,92.66208998000916,22.234256039505436,7.337910019990844
I07,injury,14,14,94.21342888079144,18.25506772954979,5.78657111920856
I07,injury,15,15,94.94372774824036,24.265595960753817,5.056272251759637
I07,injury,16,16,98.21632660762792,24.77471559618225,1.78367339237208
I07,injury,17,17,97.69916487731312,23.59099704057407,2.300835122686877
I07,injury,18,18,92.11157120971308,24.363918303337552,7.888428790286923
I07,injury,19,19,95.44802053515863,19.637060321825707,4.5519794648413665
I07,injury,20,20,94.2637698582382,16.16466642512544,5.736230141761794
I07,injury,21,21,92.1677162738119,16.32511130559114,7.832283726188095
I07,injury,22,22,86.71450980884649,18.16792262066233,13.285490191153514
I07,injury,23,23,89.77607501864753,17.414614856551594,10.223924981352468
I07,injury,24,24,83.1339494886939,14.425358978544423,16.8660505113061
I07,injury,25,25,87.632655291002,6.091376136358708,12.367344708998004
I07,injury,26,26,87.39008505442143,2.551373800956931,12.609914945578566
I07,injury,27,27,90.60379595917594,0.5260319445265469,9.39620404082406
I07,injury,28,28,92.61565802138276,2.222413202033826,7.384341978617243
I07,injury,29,29,98.92433554057284,1.6135873710077155,1.0756644594271592
I08,injury,0,0,104.09148875344552,92.7351429363002,4.0914887534455175
I08,injury,1,1,106.86272944332676,90.45361639208612,6.8627294433267565
I08,injury,2,2,104.38046695106354,90.38687300753848,4.380466951063539
I08,injury,3,3,98.891813915044,91.0731830943253,1.108186084956003
I08,injury,4,4,102.59421273381903,91.95198456481718,2.5942127338190346
I08,injury,5,5,97.02752004128286,91.5805566818282,2.9724799587171447
I08,injury,6,6,100.05360675022132,85.94659038393047,0.05360675022132
I08,injury,7,7,96.02930870876818,88.57622119617503,3.970691291231816
I08,injury,8,8,97.63959501136004,89.81213594255529,2.3604049886399565
I08,injury,9,9,104.01807943422996,91.2177942780739,4.018079434229961
I08,injury,10,10,105.19174346552953,99.35003085972888,5.191743465529527
I08,injury,11,11,103.75032979125804,96.9563825688734,3.7503297912580393
I08,injury,12,12,104.23371898599945,98.27335565704009,4.233718985999445
I08,injury,13,13,101.8535728101608,95.17616459837554,1.8535728101607987
I08,injury,14,14,107.98310607643104,96.1566950095396,7.983106076431042
I08,injury,15,15,104.9862499322248,98.9044859163784,4.986249932224794
I08,injury,16,16,103.8588144775408,98.14584157742492,3.858814477540804
I08,injury,17,17,104.74563309328428,94.27019477272984,4.745633093284283
I08,injury,18,18,105.0035147050358,100.0090591959251,5.003514705035798
I08,injury,19,19,105.60204769162772,98.88042288457471,5.6020476916277175
I08,injury,20,20,103.280731850343,97.6494029645394,3.2807318503430025
I08,injury,21,21,101.71884381619968,96.51598336626458,1.71884381619968
I08,injury,22,22,103.66777813942336,91.31635605663764,3.667778139423362
I08,injury,23,23,105.45377829065976,90.17729648120996,5.453778290659756
I08,injury,24,24,105.78462164774588,86.79633275060736,5.78462164774588
I08,injury,25,25,108.9705148482942,90.533237631123,8.9705148482942
I08,injury,26,26,111.0492864255444,85.98897330374237,11.049286425544395
I08,injury,27,27,112.73664963874256,87.2035385666495,12.736649638742563
I08,injury,28,28,107.12083589734486,87.13064641533705,7.120835897344861
I08,injury,29,29,107.41443936444465,88.7988722368065,7.414439364444647
I09,injury,0,0,108.69911901597212,179.78431526410273,8.699119015972116
I09,injury,1,1,112.31995319273142,183.4624169938348,12.319953192731418
I09,injury,2,2,102.91878833138318,182.51010132932177,2.9187883313831833
I09,injury,3,3,101.62483524875132,177.25380561114082,1.6248352487513245
I09,injury,4,4,101.10738442344828,181.00007892837235,1.1073844234482806
I09,injury,5,5,97.04768084467648,182.00928174444195,2.952319155323522
I09,injury,6,6,95.10021041278718,179.9935456734029,4.8997895872128225
I09,injury,7,7,100.33239131529729,178.36587221306743,0.3323913152972864
I09,injury,8,8,100.91902878232916,172.75221786488447,0.9190287823291641
I09,injury,9,9,105.7059814665138,174.56017520380396,5.705981466513805
I09,injury,10,10,104.35848193856302,176.28681473380365,4.358481938563017
I09,injury,11,11,99.32902365171958,179.83440695906162,0.6709763482804192
I09,injury,12,12,99.1570693252303,179.22219841391632,0.8429306747697041
I09,injury,13,13,98.48210248033384,177.48024420567955,1.517897519666164
I09,injury,14,14,101.36611431521906,178.24796475599223,1.3661143152190647
I09,injury,15,15,102.52135873942818,178.22158068753552,2.5213587394281802
I09,injury,16,16,103.26095817265973,176.96503445576042,3.260958172659727
I09,injury,17,17,109.15015369688837,172.26124320646892,9.150153696888367
I09,injury,18,18,112.13296566757732,176.36496555863184,12.132965667577324
I09,injury,19,19,108.77648924968054,183.05278639029976,8.776489249680537
I09,injury,20,20,110.96296009851648,185.9662034107685,10.962960098516476
I09,injury,21,21,110.24702665959413,185.3145249361125,10.247026659594127
I09,injury,22,22,108.8188001784753,186.486116725071,8.8188001784753
I09,injury,23,23,112.22235900357698,187.03005937865527,12.222359003576983
I09,injury,24,24,108.68802813416512,189.50334056581025,8.688028134165123
I09,injury,25,25,110.65148037334949,191.4673191511536,10.651480373349486
I09,injury,26,26,112.08797709292443,190.65453476068015,12.087977092924433
I09,injury,27,27,108.50100959153268,188.04995446875785,8.501009591532679
I09,injury,28,28,102.79461984615912,188.76080030339568,2.7946198461591223
I09,injury,29,29,101.74427349647934,187.44083718980656,1.7442734964793374
I10,injury,0,0,198.96297856592167,97.25612253411636,98.96297856592167
I10,injury,1,1,198.47449947986885,95.26224453392696,98.47449947986885
I10,injury,2,2,198.75627451283935,91.0901882440012,98.75627451283935
I10,injury,3,3,197.72760904008297,90.6581052638372,97.72760904008297
I10,injury,4,4,197.79773022953356,97.63544463948224,97.79773022953356
I10,injury,5,5,198.45294946869825,96.71574777562108,98.45294946869825
I10,injury,6,6,195.8732889140871,95.73911274106248,95.87328891408711
I10,injury,7,7,196.60298365951675,95.42344033830986,96.60298365951675
I10,injury,8,8,194.61725122450633,99.82498409043698,94.61725122450633
I10,injury,9,9,193.4746215491728,106.72375136954896,93.47462154917281
I10,injury,10,10,192.94684924042932,112.07970655222312,92.94684924042932
I10,injury,11,11,193.2188075085612,114.96858827197148,93.21880750856121
I10,injury,12,12,190.244974354008,112.40731060420924,90.24497435400801
I10,injury,13,13,190.82409221905297,115.37297033160516,90.82409221905297
I10,injury,14,14,190.14486172505437,111.51379032635408,90.14486172505437
I10,injury,15,15,185.2640866261864,107.23238111979536,85.26408662618641
I10,injury,16,16,179.16122028736825,107.56083719813662,79.16122028736825
I10,injury,17,17,181.73635205249232,107.5205898373622,81.73635205249232
I10,injury,18,18,174.15510778047877,106.94830845635856,74.15510778047877
I10,injury,19,19,172.86671079058095,113.23630470703486,72.86671079058095
I10,injury,20,20,167.69529705182228,112.06427189923728,67.69529705182228
I10,injury,21,21,172.01285509345598,113.41420692327692,72.01285509345598
I10,injury,22,22,172.90279431400526,113.75796023434854,72.90279431400526
I10,injury,23,23,173.09262492997706,116.09078882518416,73.09262492997706
I10,injury,24,24,169.86416597329875,118.72496456190876,69.86416597329875
I10,injury,25,25,164.94515692264213,119.71006848040336,64.94515692264213
I10,injury,26,26,164.68137981250112,117.86118921582704,64.68137981250112
I10,injury,27,27,163.81332398652418,115.99356875783036,63.81332398652418
I10,injury,28,28,159.79822000593896,114.93272453298944,59.79822000593896
I10,injury,29,29,155.68625409982397,115.90111692526918,55.68625409982397
I11,injury,0,0,149.59802579048937,163.0146192437508,49.59802579048937
I11,injury,1,1,145.2535885867029,161.31573449700778,45.253588586702904
I11,injury,2,2,142.57977836205737,165.2911746836323,42.57977836205737
I11,injury,3,3,142.77064819890714,164.65597327599912,42.77064819890714
I11,injury,4,4,143.46680652211631,158.33439623401006,43.466806522116315
I11,injury,5,5,142.53740575319358,164.32693876742434,42.53740575319358
I11,injury,6,6,142.1344452724016,164.53067827493234,42.13444527240159
I11,injury,7,7,142.97883041132818,167.2174940048754,42.978830411328175
I11,injury,8,8,136.1864303326586,162.17051455950232,36.1864303326586
I11,injury,9,9,136.01730420591704,160.0258848738098,36.01730420591704
I11,injury,10,10,139.1533799925768,159.08036170415411,39.15337999257679
I11,injury,11,11,132.54978778543745,155.27631995362214,32.549787785437445
I11,injury,12,12,123.50075972654572,154.5739433417734,23.500759726545724
I11,injury,13,13,122.13560734475256,153.3005552124277,22.135607344752557
I11,injury,14,14,124.5722444618418,156.89611472197777,24.572244461841805
I11,injury,15,15,123.26107919177346,150.4920337195472,23.26107919177346
I11,injury,16,16,124.31292393325025,152.15811440507292,24.312923933250246
I11,injury,17,17,124.44109864372106,155.10255365299727,24.441098643721062
I11,injury,18,18,120.14661435433794,161.1288198115527,20.14661435433794
I11,injury,19,19,116.46833109491234,163.37648859315524,16.468331094912344
I11,injury,20,20,110.60628801167228,160.5856945313451,10.606288011672277
I11,injury,21,21,114.3553939518483,159.80299506234255,14.3553939518483
I11,injury,22,22,116.0751617672467,160.51386122850028,16.075161767246698
I11,injury,23,23,114.96028729924618,164.60541220329836,14.960287299246176
I11,injury,24,24,113.45031082529049,159.26319788060795,13.450310825290487
I11,injury,25,25,110.24059054943535,160.91677306671303,10.240590549435353
I11,injury,26,26,110.62711786852287,156.21559831600672,10.627117868522873
I11,injury,27,27,107.65409031029829,154.47043426839997,7.654090310298287
I11,injury,28,28,105.7576815279556,150.34269350259532,5.757681527955597
I11,injury,29,29,103.07256820359716,148.15686204681674,3.0725682035971573
I12,injury,0,0,35.09244931581756,162.39764030210898,64.90755068418244
I12,injury,1,1,35.45501794155111,161.22152091449678,64.54498205844888
I12,injury,2,2,36.67479087766845,158.77179559213005,63.32520912233155
I12,injury,3,3,34.03429463116613,155.9511319653529,65.96570536883388
I12,injury,4,4,32.92985513925176,152.4607105659761,67.07014486074824
I12,injury,5,5,34.21603381644038,154.6498575873272,65.78396618355961
I12,injury,6,6,30.254738914045653,154.7252437209753,69.74526108595435
I12,injury,7,7,30.394931528246648,155.7497697775857,69.60506847175336
I12,injury,8,8,31.156115223935885,151.3889719377908,68.84388477606412
I12,injury,9,9,28.16894732736439,151.47724266454574,71.83105267263561
I12,injury,10,10,32.05529008660092,144.83468055141674,67.94470991339908
I12,injury,11,11,33.89246982600566,148.40354656727968,66.10753017399435
I12,injury,12,12,34.23339219738702,150.054154055359,65.76660780261298
I12,injury,13,13,32.924184954693615,149.69605545752836,67.07581504530638
I12,injury,14,14,28.86144439976916,142.66302553227175,71.13855560023084
I12,injury,15,15,32.489741803444986,139.70804074909842,67.51025819655501
I12,injury,16,16,31.923158268434698,135.54871398928785,68.07684173156531
I12,injury,17,17,28.493249159183065,135.027200889004,71.50675084081693
I12,injury,18,18,27.104517576776125,136.1611138829881,72.89548242322388
I12,injury,19,19,29.2621328337149,137.12366282196191,70.7378671662851
I12,injury,20,20,30.77793520650023,141.85696743675757,69.22206479349977
I12,injury,21,21,28.37515389936557,141.69216283814882,71.62484610063443
I12,injury,22,22,32.57322336092434,145.48578226616291,67.42677663907565
I12,injury,23,23,29.10793241289062,144.5487159411953,70.89206758710938
I12,injury,24,24,33.9822957004924,146.0729532567925,66.0177042995076
I12,injury,25,25,35.36808479493172,145.4198991764885,64.63191520506828
I12,injury,26,26,35.016682017808485,146.2845563657595,64.98331798219152
I12,injury,27,27,35.059559642855035,146.15682050262618,64.94044035714496
I12,injury,28,28,36.095355761200146,144.12260591714568,63.904644238799854
I12,injury,29,29,38.49174388284446,152.86533986239195,61.50825611715554
I13,injury,0,0,169.3342101016487,79.83906053155809,69.3342101016487
I13,injury,1,1,166.25363983579197,81.57126826411584,66.25363983579197
I13,injury,2,2,165.59331225577554,83.85683258624323,65.59331225577554
I13,injury,3,3,168.31983198530187,84.43409593954777,68.31983198530187
I13,injury,4,4,170.9159888505444,77.40120225818174,70.91598885054441
I13,injury,5,5,174.88734574429247,78.52638871385876,74.88734574429247
I13,injury,6,6,177.32087581152803,74.8667614793342,77.32087581152803
I13,injury,7,7,174.028566166712,75.30457636176853,74.02856616671201
I13,injury,8,8,173.1774524986996,76.1537821257985,73.17745249869961
I13,injury,9,9,175.63099798148951,70.85812117988995,75.63099798148951
I13,injury,10,10,177.75245519664145,70.88296690976372,77.75245519664145
I13,injury,11,11,176.3411096132678,66.46962120660905,76.3411096132678
I13,injury,12,12,177.0502556183984,59.22729765351593,77.05025561839841
I13,injury,13,13,178.19543765211455,54.75098014709695,78.19543765211455
I13,injury,14,14,177.55581138996698,54.39347363511319,77.55581138996698
I13,injury,15,15,180.26442583184863,53.857508128071515,80.26442583184863
I13,injury,16,16,177.38201014841164,52.337700040157905,77.38201014841164
I13,injury,17,17,180.40065845467564,53.946590947700585,80.40065845467564
I13,injury,18,18,178.44376851010614,53.237251687807046,78.44376851010614
I13,injury,19,19,172.9422372383498,54.40267429036167,72.9422372383498
I13,injury,20,20,166.8627901152634,56.65806368786804,66.86279011526341
I13,injury,21,21,166.4486548927372,63.8189190865898,66.44865489273721
I13,injury,22,22,162.3482482315643,63.5109328134679,62.3482482315643
I13,injury,23,23,166.94311133433348,67.08510173434215,66.94311133433348
I13,injury,24,24,164.0544751795938,67.75700401946249,64.0544751795938
I13,injury,25,25,163.26047324883905,68.60287162164495,63.26047324883905
I13,injury,26,26,160.36443194088457,68.33491041354274,60.36443194088457
I13,injury,27,27,154.77027481505442,68.74028076914699,54.77027481505442
I13,injury,28,28,155.32033683531992,68.05802253121534,55.32033683531992
I13,injury,29,29,149.67518416356555,71.02361811976974,49.67518416356555
I14,injury,0,0,131.6961536786584,165.91908181714098,31.69615367865839
I14,injury,1,1,130.0543523381442,161.41707360879545,30.054352338144213
I14,injury,2,2,126.1781219548105,159.80363956972403,26.178121954810507
I14,injury,3,3,129.06338439165097,157.8851293970616,29.06338439165097
I14,injury,4,4,130.18402536963723,156.27018078847686,30.184025369637226
I14,injury,5,5,130.12786805219287,155.84599428204547,30.127868052192866
I14,injury,6,6,131.94703785247108,154.2415602673898,31.947037852471084
I14,injury,7,7,126.42945310246375,150.0957131732989,26.429453102463754
I14,injury,8,8,124.0338206206355,146.34853326126472,24.033820620635495
I14,injury,9,9,124.46445666767416,144.9512287666905,24.464456667674156
I14,injury,10,10,130.78827631775346,139.7380849812791,30.788276317753457
I14,injury,11,11,130.59917585388283,136.35422591076207,30.599175853882826
I14,injury,12,12,128.31897183273483,136.7784843307837,28.31897183273483
I14,injury,13,13,120.54285770811197,137.48896268114777,20.542857708111967
I14,injury,14,14,125.45158009493449,136.128647786042,25.451580094934485
I14,injury,15,15,125.431003665351,139.2034128654182,25.431003665351
I14,injury,16,16,124.13914316527,137.46053229982374,24.13914316527
I14,injury,17,17,116.51193395410476,139.38350445800867,16.511933954104762
I14,injury,18,18,115.37242872491808,136.34545290384418,15.37242872491808
I14,injury,19,19,114.95221885575114,134.59441183342562,14.952218855751141
I14,injury,20,20,112.56694046240456,136.41328530175176,12.56694046240456
I14,injury,21,21,107.75179322843304,139.55523115997303,7.751793228433044
I14,injury,22,22,102.75873473907782,137.56712693490724,2.7587347390778234
I14,injury,23,23,107.72757332127756,140.9491912198345,7.727573321277561
I14,injury,24,24,107.22038529876389,138.12760057333085,7.220385298763887
I14,injury,25,25,104.8325683786642,138.34742651708794,4.832568378664206
I14,injury,26,26,104.145138075683,138.07481372821005,4.145138075682993
I14,injury,27,27,103.25264053343044,137.4316883990947,3.252640533430437
I14,injury,28,28,98.1267043265104,135.88215617261218,1.8732956734895936
I14,injury,29,29,101.67057648847094,131.77715327995884,1.6705764884709424
I15,injury,0,0,33.942821019712135,159.31434596053828,66.05717898028786
I15,injury,1,1,35.07687230790647,158.14844641733782,64.92312769209353
I15,injury,2,2,40.30905330283048,159.66819587990858,59.69094669716952
I15,injury,3,3,37.17364380549884,161.6818799147497,62.82635619450116
I15,injury,4,4,35.64968823671265,159.9508908006171,64.35031176328735
I15,injury,5,5,37.391145297034015,158.4756485414267,62.608854702965985
I15,injury,6,6,40.86971274600288,156.15211835688652,59.13028725399712
I15,injury,7,7,39.81287308822879,154.1830056762422,60.18712691177121
I15,injury,8,8,38.91595684316368,157.48058034288564,61.08404315683632
I15,injury,9,9,41.60234572399459,162.61041220492186,58.39765427600541
I15,injury,10,10,49.205278335692356,159.51826110912484,50.794721664307644
I15,injury,11,11,50.21653571767422,155.98966015919453,49.78346428232578
I15,injury,12,12,48.68371793442942,154.09941262842753,51.31628206557058
I15,injury,13,13,46.31225331201459,150.94375080973228,53.68774668798541
I15,injury,14,14,46.679400176453825,147.29359555457305,53.320599823546175
I15,injury,15,15,50.00578105386673,144.5403349423205,49.99421894613327
I15,injury,16,16,59.2344879641559,143.18618158942732,40.7655120358441
I15,injury,17,17,60.25054088990706,139.30015803602922,39.74945911009294
I15,injury,18,18,66.16881616428998,142.65866007843798,33.83118383571002
I15,injury,19,19,67.85956377649832,138.61825243209927,32.14043622350168
I15,injury,20,20,69.29156440967218,135.2539592940475,30.708435590327824
I15,injury,21,21,74.47863020009225,137.681543489607,25.521369799907745
I15,injury,22,22,75.56494731555546,130.37241649986504,24.435052684444543
I15,injury,23,23,73.41469937957837,132.43569989466465,26.585300620421634
I15,injury,24,24,77.85335045474784,135.76320932914103,22.14664954525216
I15,injury,25,25,73.87731144802348,136.66786624957976,26.122688551976523
I15,injury,26,26,77.72385709747226,131.69285955283303,22.276142902527738
I15,injury,27,27,78.50014355135255,132.5143867477584,21.49985644864745
I15,injury,28,28,78.39784979681235,126.9579011815548,21.602150203187648
I15,injury,29,29,78.22075546659117,125.97598489078972,21.77924453340883
