track_id,condition,frame_start,frame_end,time_min_start,time_min_end,step_distance_um,step_speed_um_min,is_arrested
C01,control,0,1,0,1,3.609785429505031,3.609785429505031,False
C01,control,1,2,1,2,7.037036874929614,7.037036874929614,False
C01,control,2,3,2,3,1.0233146696141182,1.0233146696141182,True
C01,control,3,4,3,4,2.559628096300865,2.559628096300865,False
C01,control,4,5,4,5,3.522032060771212,3.522032060771212,False
C01,control,5,6,5,6,3.387520498146765,3.387520498146765,False
C01,control,6,7,6,7,2.934712370360662,2.934712370360662,False
C01,control,7,8,7,8,3.0820280411453806,3.0820280411453806,False
C01,control,8,9,8,9,2.63960371194083,2.63960371194083,False
C01,control,9,10,9,10,2.1167314995245152,2.1167314995245152,False
C01,control,10,11,10,11,3.696806753180123,3.696806753180123,False
C01,control,11,12,11,12,1.6634797400527273,1.6634797400527273,True
C01,control,12,13,12,13,1.9370394675459308,1.9370394675459308,True
C01,control,13,14,13,14,1.789858795483062,1.789858795483062,True
C01,control,14,15,14,15,6.539606143087974,6.539606143087974,False
C01,control,15,16,15,16,2.8847128107560125,2.8847128107560125,False
C01,control,16,17,16,17,3.8582485379911913,3.8582485379911913,False
C01,control,17,18,17,18,2.5435452345088914,2.5435452345088914,False
C01,control,18,19,18,19,3.1507716920422753,3.1507716920422753,False
C01,control,19,20,19,20,2.7617005449007714,2.7617005449007714,False
C01,control,20,21,20,21,2.114525585991366,2.114525585991366,False
C01,control,21,22,21,22,0.7436144992851995,0.7436144992851995,True
C01,control,22,23,22,23,2.698971611598234,2.698971611598234,False
C01,control,23,24,23,24,2.0468060510961137,2.0468060510961137,False
C01,control,24,25,24,25,2.083034722953763,2.083034722953763,False
C01,control,25,26,25,26,4.4754256701635935,4.4754256701635935,False
C01,control,26,27,26,27,2.3800710178359124,2.3800710178359124,False
C01,control,27,28,27,28,4.560150769657479,4.560150769657479,False
C01,control,28,29,28,29,3.8967984854052773,3.8967984854052773,False
C02,control,0,1,0,1,1.825186740546951,1.825186740546951,True
C02,control,1,2,1,2,3.196433598657868,3.196433598657868,False
C02,control,2,3,2,3,1.737355808622208,1.737355808622208,True
C02,control,3,4,3,4,2.6371347363827486,2.6371347363827486,False
C02,control,4,5,4,5,5.119124880756165,5.119124880756165,False
C02,control,5,6,5,6,3.135769730856388,3.135769730856388,False
C02,control,6,7,6,7,2.1150640723855205,2.1150640723855205,False
C02,control,7,8,7,8,1.3671565078784877,1.3671565078784877,True
C02,control,8,9,8,9,2.093687561206287,2.093687561206287,False
C02,control,9,10,9,10,2.4126968566157307,2.4126968566157307,False
C02,control,10,11,10,11,1.5804389380737853,1.5804389380737853,True
C02,control,11,12,11,12,3.8735735303521657,3.8735735303521657,False
C02,control,12,13,12,13,1.408705767687186,1.408705767687186,True
C02,control,13,14,13,14,1.9683919759394801,1.9683919759394801,True
C02,control,14,15,14,15,2.017902526168205,2.017902526168205,False
C02,control,15,16,15,16,1.2922182815476317,1.2922182815476317,True
C02,control,16,17,16,17,6.668664633850358,6.668664633850358,False
C02,control,17,18,17,18,4.969539163459039,4.969539163459039,False
C02,control,18,19,18,19,2.9694116872593734,2.9694116872593734,False
C02,control,19,20,19,20,4.059434663030186,4.059434663030186,False
C02,control,20,21,20,21,2.4571689150870473,2.4571689150870473,False
C02,control,21,22,21,22,2.867859665933255,2.867859665933255,False
C02,control,22,23,22,23,3.0261143372880155,3.0261143372880155,False
C02,control,23,24,23,24,5.762619412410494,5.762619412410494,False
C02,control,24,25,24,25,1.4856577897320336,1.4856577897320336,True
C02,control,25,26,25,26,4.690082876968946,4.690082876968946,False
C02,control,26,27,26,27,1.603149011637058,1.603149011637058,True
C02,control,27,28,27,28,0.7011002926466606,0.7011002926466606,True
C02,control,28,29,28,29,4.85869124330395,4.85869124330395,False
C03,control,0,1,0,1,4.130630054945484,4.130630054945484,False
C03,control,1,2,1,2,2.724501736685705,2.724501736685705,False
C03,control,2,3,2,3,5.655945239919737,5.655945239919737,False
C03,control,3,4,3,4,3.3779320581717887,3.3779320581717887,False
C03,control,4,5,4,5,4.292429135534787,4.292429135534787,False
C03,control,5,6,5,6,2.0187116859784076,2.0187116859784076,False
C03,control,6,7,6,7,5.362093642898731,5.362093642898731,False
C03,control,7,8,7,8,2.6845341657689836,2.6845341657689836,False
C03,control,8,9,8,9,10.597063674517738,10.597063674517738,False
C03,control,9,10,9,10,3.2184294033672574,3.2184294033672574,False
C03,control,10,11,10,11,6.446364629173124,6.446364629173124,False
C03,control,11,12,11,12,2.738713913911954,2.738713913911954,False
C03,control,12,13,12,13,1.8842401879947708,1.8842401879947708,True
C03,control,13,14,13,14,3.2324608187417234,3.2324608187417234,False
C03,control,14,15,14,15,3.1431979519878066,3.1431979519878066,False
C03,control,15,16,15,16,5.231589159079522,5.231589159079522,False
C03,control,16,17,16,17,5.306243367857136,5.306243367857136,False
C03,control,17,18,17,18,2.9740100163310497,2.9740100163310497,False
C03,control,18,19,18,19,3.857523871425844,3.857523871425844,False
C03,control,19,20,19,20,3.621688678615985,3.621688678615985,False
C03,control,20,21,20,21,6.8443798337248145,6.8443798337248145,False
C03,control,21,22,21,22,3.6966301821247227,3.6966301821247227,False
C03,control,22,23,22,23,3.023927863159587,3.023927863159587,False
C03,control,23,24,23,24,0.48556475436052154,0.48556475436052154,True
C03,control,24,25,24,25,2.3768773664594525,2.3768773664594525,False
C03,control,25,26,25,26,3.921998865382623,3.921998865382623,False
C03,control,26,27,26,27,3.868617233432911,3.868617233432911,False
C03,control,27,28,27,28,4.76152692026113,4.76152692026113,False
C03,control,28,29,28,29,0.9284097751102299,0.9284097751102299,True
C04,control,0,1,0,1,3.5404269645651016,3.5404269645651016,False
C04,control,1,2,1,2,4.7834513642625485,4.7834513642625485,False
C04,control,2,3,2,3,3.71430927867338,3.71430927867338,False
C04,control,3,4,3,4,6.432480368187456,6.432480368187456,False
C04,control,4,5,4,5,5.198966818942881,5.198966818942881,False
C04,control,5,6,5,6,4.532534333202578,4.532534333202578,False
C04,control,6,7,6,7,4.270220044122605,4.270220044122605,False
C04,control,7,8,7,8,2.264120824904714,2.264120824904714,False
C04,control,8,9,8,9,0.49056939506162744,0.49056939506162744,True
C04,control,9,10,9,10,4.342194824431,4.342194824431,False
C04,control,10,11,10,11,1.9508370392237409,1.9508370392237409,True
C04,control,11,12,11,12,6.152252606874434,6.152252606874434,False
C04,control,12,13,12,13,4.446221214129655,4.446221214129655,False
C04,control,13,14,13,14,2.8187072353323366,2.8187072353323366,False
C04,control,14,15,14,15,4.8356753384507565,4.8356753384507565,False
C04,control,15,16,15,16,1.4554122978105235,1.4554122978105235,True
C04,control,16,17,16,17,3.1648121929753312,3.1648121929753312,False
C04,control,17,18,17,18,4.324791011366944,4.324791011366944,False
C04,control,18,19,18,19,2.1386615236955238,2.1386615236955238,False
C04,control,19,20,19,20,0.9900793771449619,0.9900793771449619,True
C04,control,20,21,20,21,3.2960098269056446,3.2960098269056446,False
C04,control,21,22,21,22,0.7365386217391972,0.7365386217391972,True
C04,control,22,23,22,23,9.420296758647764,9.420296758647764,False
C04,control,23,24,23,24,2.701022159463586,2.701022159463586,False
C04,control,24,25,24,25,4.734487873231613,4.734487873231613,False
C04,control,25,26,25,26,3.739412421718781,3.739412421718781,False
C04,control,26,27,26,27,2.938577422429249,2.938577422429249,False
C04,control,27,28,27,28,6.460324559221797,6.460324559221797,False
C04,control,28,29,28,29,3.561077703166493,3.561077703166493,False
C05,control,0,1,0,1,5.280762325861531,5.280762325861531,False
C05,control,1,2,1,2,7.757140913052085,7.757140913052085,False
C05,control,2,3,2,3,5.073811148527627,5.073811148527627,False
C05,control,3,4,3,4,10.311304433240002,10.311304433240002,False
C05,control,4,5,4,5,3.684234104881747,3.684234104881747,False
C05,control,5,6,5,6,5.286350504967036,5.286350504967036,False
C05,control,6,7,6,7,3.050644691632456,3.050644691632456,False
C05,control,7,8,7,8,2.6719800186344798,2.6719800186344798,False
C05,control,8,9,8,9,1.1977553096505633,1.1977553096505633,True
C05,control,9,10,9,10,4.1861183626039855,4.1861183626039855,False
C05,control,10,11,10,11,1.0600879078364454,1.0600879078364454,True
C05,control,11,12,11,12,2.185550750691446,2.185550750691446,False
C05,control,12,13,12,13,3.073721593127395,3.073721593127395,False
C05,control,13,14,13,14,1.0672499971582423,1.0672499971582423,True
C05,control,14,15,14,15,2.1646741154344245,2.1646741154344245,False
C05,control,15,16,15,16,0.9933275890294202,0.9933275890294202,True
C05,control,16,17,16,17,7.855647202356305,7.855647202356305,False
C05,control,17,18,17,18,2.565190988305198,2.565190988305198,False
C05,control,18,19,18,19,4.889430167130132,4.889430167130132,False
C05,control,19,20,19,20,1.6420029196755765,1.6420029196755765,True
C05,control,20,21,20,21,5.927351991167295,5.927351991167295,False
C05,control,21,22,21,22,3.5994426426946338,3.5994426426946338,False
C05,control,22,23,22,23,1.6207842765861786,1.6207842765861786,True
C05,control,23,24,23,24,0.8905340536400111,0.8905340536400111,True
C05,control,24,25,24,25,0.8172036385123107,0.8172036385123107,True
C05,control,25,26,25,26,4.438138745030507,4.438138745030507,False
C05,control,26,27,26,27,7.732690502135699,7.732690502135699,False
C05,control,27,28,27,28,1.0338866917930931,1.0338866917930931,True
C05,control,28,29,28,29,5.386977528401919,5.386977528401919,False
C06,control,0,1,0,1,5.2811331000713855,5.2811331000713855,False
C06,control,1,2,1,2,1.00259936094811,1.00259936094811,True
C06,control,2,3,2,3,3.3142277902440336,3.3142277902440336,False
C06,control,3,4,3,4,4.273924158545122,4.273924158545122,False
C06,control,4,5,4,5,6.283694796128783,6.283694796128783,False
C06,control,5,6,5,6,5.395085049242629,5.395085049242629,False
C06,control,6,7,6,7,2.8114968840481973,2.8114968840481973,False
C06,control,7,8,7,8,0.9118355579816311,0.9118355579816311,True
C06,control,8,9,8,9,3.6319536307936344,3.6319536307936344,False
C06,control,9,10,9,10,4.243140744630079,4.243140744630079,False
C06,control,10,11,10,11,3.559987109127127,3.559987109127127,False
C06,control,11,12,11,12,5.908215468847704,5.908215468847704,False
C06,control,12,13,12,13,5.200776858453721,5.200776858453721,False
C06,control,13,14,13,14,3.5217541483891277,3.5217541483891277,False
C06,control,14,15,14,15,4.792893526141077,4.792893526141077,False
C06,control,15,16,15,16,2.838058832420345,2.838058832420345,False
C06,control,16,17,16,17,3.0427418690591947,3.0427418690591947,False
C06,control,17,18,17,18,4.168216743531425,4.168216743531425,False
C06,control,18,19,18,19,3.5901061683460305,3.5901061683460305,False
C06,control,19,20,19,20,7.112340211244778,7.112340211244778,False
C06,control,20,21,20,21,0.9383237568766393,0.9383237568766393,True
C06,control,21,22,21,22,5.005092419776173,5.005092419776173,False
C06,control,22,23,22,23,6.4387265057077725,6.4387265057077725,False
C06,control,23,24,23,24,5.065125876057888,5.065125876057888,False
C06,control,24,25,24,25,4.56366187169177,4.56366187169177,False
C06,control,25,26,25,26,3.0633527363765642,3.0633527363765642,False
C06,control,26,27,26,27,4.029216460006273,4.029216460006273,False
C06,control,27,28,27,28,0.9912535280384042,0.9912535280384042,True
C06,control,28,29,28,29,2.7140476448579975,2.7140476448579975,False
C07,control,0,1,0,1,3.212437457664009,3.212437457664009,False
C07,control,1,2,1,2,3.1976761953964,3.1976761953964,False
C07,control,2,3,2,3,4.972796591804598,4.972796591804598,False
C07,control,3,4,3,4,2.5403161172744912,2.5403161172744912,False
C07,control,4,5,4,5,2.5333874835700656,2.5333874835700656,False
C07,control,5,6,5,6,4.743636749949507,4.743636749949507,False
C07,control,6,7,6,7,3.0234673966368413,3.0234673966368413,False
C07,control,7,8,7,8,7.010031559640934,7.010031559640934,False
C07,control,8,9,8,9,7.699974200040419,7.699974200040419,False
C07,control,9,10,9,10,1.4107241524581218,1.4107241524581218,True
C07,control,10,11,10,11,6.2080131844413255,6.2080131844413255,False
C07,control,11,12,11,12,6.0972457736546435,6.0972457736546435,False
C07,control,12,13,12,13,2.723122313148896,2.723122313148896,False
C07,control,13,14,13,14,1.7776115578065226,1.7776115578065226,True
C07,control,14,15,14,15,8.123568672430192,8.123568672430192,False
C07,control,15,16,15,16,1.4246902973779219,1.4246902973779219,True
C07,control,16,17,16,17,2.51673749636066,2.51673749636066,False
C07,control,17,18,17,18,2.3178043509290984,2.3178043509290984,False
C07,control,18,19,18,19,1.7325005094754795,1.7325005094754795,True
C07,control,19,20,19,20,2.1816099574488614,2.1816099574488614,False
C07,control,20,21,20,21,2.531381105380506,2.531381105380506,False
C07,control,21,22,21,22,1.9595475938004345,1.9595475938004345,True
C07,control,22,23,22,23,0.871996456119523,0.871996456119523,True
C07,control,23,24,23,24,6.476381964779685,6.476381964779685,False
C07,control,24,25,24,25,5.907573651568547,5.907573651568547,False
C07,control,25,26,25,26,7.290559759740941,7.290559759740941,False
C07,control,26,27,26,27,2.405263168981352,2.405263168981352,False
C07,control,27,28,27,28,3.3210903397678644,3.3210903397678644,False
C07,control,28,29,28,29,3.9884551744387564,3.9884551744387564,False
C08,control,0,1,0,1,4.070152175867691,4.070152175867691,False
C08,control,1,2,1,2,3.08073498952284,3.08073498952284,False
C08,control,2,3,2,3,5.179472073935119,5.179472073935119,False
C08,control,3,4,3,4,2.639189930790383,2.639189930790383,False
C08,control,4,5,4,5,6.621425147180076,6.621425147180076,False
C08,control,5,6,5,6,3.336675888100731,3.336675888100731,False
C08,control,6,7,6,7,1.4773927446876585,1.4773927446876585,True
C08,control,7,8,7,8,6.158373407735018,6.158373407735018,False
C08,control,8,9,8,9,2.4206771662718025,2.4206771662718025,False
C08,control,9,10,9,10,3.7619292189670444,3.7619292189670444,False
C08,control,10,11,10,11,1.4036142092223616,1.4036142092223616,True
C08,control,11,12,11,12,1.466647626684947,1.466647626684947,True
C08,control,12,13,12,13,4.093268374106601,4.093268374106601,False
C08,control,13,14,13,14,5.466319994155913,5.466319994155913,False
C08,control,14,15,14,15,3.4885249793779876,3.4885249793779876,False
C08,control,15,16,15,16,1.2155556608644527,1.2155556608644527,True
C08,control,16,17,16,17,5.945826410714106,5.945826410714106,False
C08,control,17,18,17,18,6.234417113076933,6.234417113076933,False
C08,control,18,19,18,19,3.2642893751282145,3.2642893751282145,False
C08,control,19,20,19,20,2.726665747596279,2.726665747596279,False
C08,control,20,21,20,21,0.9449154825289308,0.9449154825289308,True
C08,control,21,22,21,22,5.384334261784536,5.384334261784536,False
C08,control,22,23,22,23,7.064861515748379,7.064861515748379,False
C08,control,23,24,23,24,1.6331255038918986,1.6331255038918986,True
C08,control,24,25,24,25,6.692142646320559,6.692142646320559,False
C08,control,25,26,25,26,3.068987513243391,3.068987513243391,False
C08,control,26,27,26,27,1.4896910236874126,1.4896910236874126,True
C08,control,27,28,27,28,1.9389342990029508,1.9389342990029508,True
C08,control,28,29,28,29,3.3499085992451754,3.3499085992451754,False
C09,control,0,1,0,1,7.821704433992897,7.821704433992897,False
C09,control,1,2,1,2,4.308400850040906,4.308400850040906,False
C09,control,2,3,2,3,1.7506391091902411,1.7506391091902411,True
C09,control,3,4,3,4,2.393675824899307,2.393675824899307,False
C09,control,4,5,4,5,2.8622497439573653,2.8622497439573653,False
C09,control,5,6,5,6,3.8193800935961,3.8193800935961,False
C09,control,6,7,6,7,1.3951890515560343,1.3951890515560343,True
C09,control,7,8,7,8,1.6468983641248125,1.6468983641248125,True
C09,control,8,9,8,9,6.169576162379095,6.169576162379095,False
C09,control,9,10,9,10,6.056705568969471,6.056705568969471,False
C09,control,10,11,10,11,6.0710743375397405,6.0710743375397405,False
C09,control,11,12,11,12,3.4454421519330043,3.4454421519330043,False
C09,control,12,13,12,13,9.97063341981275,9.97063341981275,False
C09,control,13,14,13,14,7.4420538689195155,7.4420538689195155,False
C09,control,14,15,14,15,2.1260783748324292,2.1260783748324292,False
C09,control,15,16,15,16,4.886308957635373,4.886308957635373,False
C09,control,16,17,16,17,0.940570330592479,0.940570330592479,True
C09,control,17,18,17,18,2.3864385177746756,2.3864385177746756,False
C09,control,18,19,18,19,2.2558723337162716,2.2558723337162716,False
C09,control,19,20,19,20,3.3940182908621486,3.3940182908621486,False
C09,control,20,21,20,21,5.687849420328389,5.687849420328389,False
C09,control,21,22,21,22,4.811539289353977,4.811539289353977,False
C09,control,22,23,22,23,4.250405062886641,4.250405062886641,False
C09,control,23,24,23,24,4.56256061526025,4.56256061526025,False
C09,control,24,25,24,25,0.8693306660532506,0.8693306660532506,True
C09,control,25,26,25,26,4.817985397570102,4.817985397570102,False
C09,control,26,27,26,27,3.127664597341059,3.127664597341059,False
C09,control,27,28,27,28,4.88936266554038,4.88936266554038,False
C09,control,28,29,28,29,2.5039555027455096,2.5039555027455096,False
C10,control,0,1,0,1,5.58262885146682,5.58262885146682,False
C10,control,1,2,1,2,2.587651786261317,2.587651786261317,False
C10,control,2,3,2,3,0.931075389775201,0.931075389775201,True
C10,control,3,4,3,4,0.7748286244640644,0.7748286244640644,True
C10,control,4,5,4,5,3.694730337201415,3.694730337201415,False
C10,control,5,6,5,6,2.2992223936958807,2.2992223936958807,False
C10,control,6,7,6,7,1.891649528040496,1.891649528040496,True
C10,control,7,8,7,8,6.110808349071372,6.110808349071372,False
C10,control,8,9,8,9,2.441093045354424,2.441093045354424,False
C10,control,9,10,9,10,4.85061710103276,4.85061710103276,False
C10,control,10,11,10,11,2.674809791968941,2.674809791968941,False
C10,control,11,12,11,12,1.0145534425609688,1.0145534425609688,True
C10,control,12,13,12,13,3.5450512820836213,3.5450512820836213,False
C10,control,13,14,13,14,2.2693541235773345,2.2693541235773345,False
C10,control,14,15,14,15,2.5580567012452398,2.5580567012452398,False
C10,control,15,16,15,16,4.380828650093484,4.380828650093484,False
C10,control,16,17,16,17,0.8121309858136759,0.8121309858136759,True
C10,control,17,18,17,18,2.7585178998395934,2.7585178998395934,False
C10,control,18,19,18,19,5.925969609886348,5.925969609886348,False
C10,control,19,20,19,20,3.819724796893085,3.819724796893085,False
C10,control,20,21,20,21,7.311525588579224,7.311525588579224,False
C10,control,21,22,21,22,3.579247642723495,3.579247642723495,False
C10,control,22,23,22,23,3.8650334992416804,3.8650334992416804,False
C10,control,23,24,23,24,6.954318131020521,6.954318131020521,False
C10,control,24,25,24,25,2.609794625233168,2.609794625233168,False
C10,control,25,26,25,26,6.067046055142718,6.067046055142718,False
C10,control,26,27,26,27,5.514738112338738,5.514738112338738,False
C10,control,27,28,27,28,6.270966382217542,6.270966382217542,False
C10,control,28,29,28,29,2.013478004282454,2.013478004282454,False
C11,control,0,1,0,1,5.544839381739267,5.544839381739267,False
C11,control,1,2,1,2,4.197606684361401,4.197606684361401,False
C11,control,2,3,2,3,2.681847536891808,2.681847536891808,False
C11,control,3,4,3,4,2.806050986522924,2.806050986522924,False
C11,control,4,5,4,5,5.232426034547849,5.232426034547849,False
C11,control,5,6,5,6,3.4976374653137725,3.4976374653137725,False
C11,control,6,7,6,7,4.329130550240608,4.329130550240608,False
C11,control,7,8,7,8,2.765546467943679,2.765546467943679,False
C11,control,8,9,8,9,4.403659557648628,4.403659557648628,False
C11,control,9,10,9,10,1.979453532555229,1.979453532555229,True
C11,control,10,11,10,11,4.549818839946526,4.549818839946526,False
C11,control,11,12,11,12,0.8124703721563841,0.8124703721563841,True
C11,control,12,13,12,13,2.335293876989112,2.335293876989112,False
C11,control,13,14,13,14,2.021424654819673,2.021424654819673,False
C11,control,14,15,14,15,5.143591028497758,5.143591028497758,False
C11,control,15,16,15,16,8.703427045995355,8.703427045995355,False
C11,control,16,17,16,17,7.744019995270623,7.744019995270623,False
C11,control,17,18,17,18,5.884698552654251,5.884698552654251,False
C11,control,18,19,18,19,1.0305104471267148,1.0305104471267148,True
C11,control,19,20,19,20,3.765596426579572,3.765596426579572,False
C11,control,20,21,20,21,4.75133721066957,4.75133721066957,False
C11,control,21,22,21,22,6.505499622816923,6.505499622816923,False
C11,control,22,23,22,23,1.1358818548016587,1.1358818548016587,True
C11,control,23,24,23,24,1.8942946496846973,1.8942946496846973,True
C11,control,24,25,24,25,5.215384605569259,5.215384605569259,False
C11,control,25,26,25,26,5.665886900479465,5.665886900479465,False
C11,control,26,27,26,27,5.030871397754451,5.030871397754451,False
C11,control,27,28,27,28,3.7507401552770516,3.7507401552770516,False
C11,control,28,29,28,29,2.7776495149282803,2.7776495149282803,False
C12,control,0,1,0,1,5.167998458354398,5.167998458354398,False
C12,control,1,2,1,2,2.707781943583892,2.707781943583892,False
C12,control,2,3,2,3,1.055786409283211,1.055786409283211,True
C12,control,3,4,3,4,7.048149555928557,7.048149555928557,False
C12,control,4,5,4,5,2.133215746976924,2.133215746976924,False
C12,control,5,6,5,6,8.046430469860512,8.046430469860512,False
C12,control,6,7,6,7,2.292209181517128,2.292209181517128,False
C12,control,7,8,7,8,4.679054370134399,4.679054370134399,False
C12,control,8,9,8,9,7.224233900865378,7.224233900865378,False
C12,control,9,10,9,10,1.715182106420677,1.715182106420677,True
C12,control,10,11,10,11,2.5009777607622494,2.5009777607622494,False
C12,control,11,12,11,12,4.197370969188057,4.197370969188057,False
C12,control,12,13,12,13,2.0376985245436785,2.0376985245436785,False
C12,control,13,14,13,14,2.773835772964593,2.773835772964593,False
C12,control,14,15,14,15,4.701164223189017,4.701164223189017,False
C12,control,15,16,15,16,1.5848327991914286,1.5848327991914286,True
C12,control,16,17,16,17,2.949787087250609,2.949787087250609,False
C12,control,17,18,17,18,7.196212879724269,7.196212879724269,False
C12,control,18,19,18,19,7.34615859444893,7.34615859444893,False
C12,control,19,20,19,20,3.9868518796817214,3.9868518796817214,False
C12,control,20,21,20,21,3.392967052980969,3.392967052980969,False
C12,control,21,22,21,22,3.1786293961315164,3.1786293961315164,False
C12,control,22,23,22,23,3.152155130896758,3.152155130896758,False
C12,control,23,24,23,24,4.004345148688949,4.004345148688949,False
C12,control,24,25,24,25,1.802636045993376,1.802636045993376,True
C12,control,25,26,25,26,1.942885466687368,1.942885466687368,True
C12,control,26,27,26,27,3.7514620076640393,3.7514620076640393,False
C12,control,27,28,27,28,0.6331089072451865,0.6331089072451865,True
C12,control,28,29,28,29,5.9418588249060855,5.9418588249060855,False
C13,control,0,1,0,1,3.0803841090639703,3.0803841090639703,False
C13,control,1,2,1,2,7.633329873431807,7.633329873431807,False
C13,control,2,3,2,3,5.274923769567373,5.274923769567373,False
C13,control,3,4,3,4,4.46476110796422,4.46476110796422,False
C13,control,4,5,4,5,4.122946036647371,4.122946036647371,False
C13,control,5,6,5,6,3.617330411798834,3.617330411798834,False
C13,control,6,7,6,7,1.6554732558302931,1.6554732558302931,True
C13,control,7,8,7,8,1.0066076696604385,1.0066076696604385,True
C13,control,8,9,8,9,2.3810320889935266,2.3810320889935266,False
C13,control,9,10,9,10,5.429293582785478,5.429293582785478,False
C13,control,10,11,10,11,7.381286352246326,7.381286352246326,False
C13,control,11,12,11,12,4.698005981916314,4.698005981916314,False
C13,control,12,13,12,13,5.587410913555045,5.587410913555045,False
C13,control,13,14,13,14,6.072911397055898,6.072911397055898,False
C13,control,14,15,14,15,1.9085670984552592,1.9085670984552592,True
C13,control,15,16,15,16,2.6796120901431664,2.6796120901431664,False
C13,control,16,17,16,17,3.1747913232352576,3.1747913232352576,False
C13,control,17,18,17,18,8.152179675786668,8.152179675786668,False
C13,control,18,19,18,19,4.387157234357949,4.387157234357949,False
C13,control,19,20,19,20,3.2033763278516822,3.2033763278516822,False
C13,control,20,21,20,21,3.9771332869819487,3.9771332869819487,False
C13,control,21,22,21,22,2.9260652815727477,2.9260652815727477,False
C13,control,22,23,22,23,2.1670476640128515,2.1670476640128515,False
C13,control,23,24,23,24,5.356710774313714,5.356710774313714,False
C13,control,24,25,24,25,4.186416289318605,4.186416289318605,False
C13,control,25,26,25,26,7.236116932986107,7.236116932986107,False
C13,control,26,27,26,27,4.148919227425485,4.148919227425485,False
C13,control,27,28,27,28,4.052036706225524,4.052036706225524,False
C13,control,28,29,28,29,3.3363539023662336,3.3363539023662336,False
C14,control,0,1,0,1,3.910973425602001,3.910973425602001,False
C14,control,1,2,1,2,5.397985416860142,5.397985416860142,False
C14,control,2,3,2,3,2.68285971953497,2.68285971953497,False
C14,control,3,4,3,4,0.7580558944175512,0.7580558944175512,True
C14,control,4,5,4,5,3.3038469253043754,3.3038469253043754,False
C14,control,5,6,5,6,2.283706089840896,2.283706089840896,False
C14,control,6,7,6,7,4.052373405163637,4.052373405163637,False
C14,control,7,8,7,8,5.487140046292425,5.487140046292425,False
C14,control,8,9,8,9,3.0096934946009033,3.0096934946009033,False
C14,control,9,10,9,10,4.423648428091953,4.423648428091953,False
C14,control,10,11,10,11,2.5378224122157578,2.5378224122157578,False
C14,control,11,12,11,12,3.411510105386933,3.411510105386933,False
C14,control,12,13,12,13,4.026123770870607,4.026123770870607,False
C14,control,13,14,13,14,3.3236962615396424,3.3236962615396424,False
C14,control,14,15,14,15,3.853426475648704,3.853426475648704,False
C14,control,15,16,15,16,0.8900804854580918,0.8900804854580918,True
C14,control,16,17,16,17,1.892408774059946,1.892408774059946,True
C14,control,17,18,17,18,2.4157739331080395,2.4157739331080395,False
C14,control,18,19,18,19,1.525584518232661,1.525584518232661,True
C14,control,19,20,19,20,1.0991116946833368,1.0991116946833368,True
C14,control,20,21,20,21,3.7106634461306367,3.7106634461306367,False
C14,control,21,22,21,22,5.546051019045045,5.546051019045045,False
C14,control,22,23,22,23,8.456964046216273,8.456964046216273,False
C14,control,23,24,23,24,0.12739467663852577,0.12739467663852577,True
C14,control,24,25,24,25,3.659617915286385,3.659617915286385,False
C14,control,25,26,25,26,8.106001965045563,8.106001965045563,False
C14,control,26,27,26,27,5.778391506760503,5.778391506760503,False
C14,control,27,28,27,28,2.5298009860136728,2.5298009860136728,False
C14,control,28,29,28,29,2.855996448615696,2.855996448615696,False
C15,control,0,1,0,1,5.803359909499628,5.803359909499628,False
C15,control,1,2,1,2,5.26215555885787,5.26215555885787,False
C15,control,2,3,2,3,0.48262524401025586,0.48262524401025586,True
C15,control,3,4,3,4,9.59938231058846,9.59938231058846,False
C15,control,4,5,4,5,3.320269899781725,3.320269899781725,False
C15,control,5,6,5,6,3.1030496156891196,3.1030496156891196,False
C15,control,6,7,6,7,3.0965634267112945,3.0965634267112945,False
C15,control,7,8,7,8,0.8409147907002814,0.8409147907002814,True
C15,control,8,9,8,9,1.0106206449083617,1.0106206449083617,True
C15,control,9,10,9,10,5.949111884256464,5.949111884256464,False
C15,control,10,11,10,11,3.560636371654612,3.560636371654612,False
C15,control,11,12,11,12,4.330444322306996,4.330444322306996,False
C15,control,12,13,12,13,2.0957176534440793,2.0957176534440793,False
C15,control,13,14,13,14,4.735866671596309,4.735866671596309,False
C15,control,14,15,14,15,2.137552038058532,2.137552038058532,False
C15,control,15,16,15,16,0.8481868703802067,0.8481868703802067,True
C15,control,16,17,16,17,3.7234261578385164,3.7234261578385164,False
C15,control,17,18,17,18,5.67898488416116,5.67898488416116,False
C15,control,18,19,18,19,5.875890550237741,5.875890550237741,False
C15,control,19,20,19,20,0.7319156227280422,0.7319156227280422,True
C15,control,20,21,20,21,0.6818667990596882,0.6818667990596882,True
C15,control,21,22,21,22,4.38102099458539,4.38102099458539,False
C15,control,22,23,22,23,4.808312620361699,4.808312620361699,False
C15,control,23,24,23,24,3.834097200841266,3.834097200841266,False
C15,control,24,25,24,25,7.615838915788791,7.615838915788791,False
C15,control,25,26,25,26,5.6901561240605965,5.6901561240605965,False
C15,control,26,27,26,27,2.0737851974972896,2.0737851974972896,False
C15,control,27,28,27,28,0.9423738644961868,0.9423738644961868,True
C15,control,28,29,28,29,3.7447319186458334,3.7447319186458334,False
I01,injury,0,1,0,1,5.531870177864364,5.531870177864364,False
I01,injury,1,2,1,2,0.6618555039016377,0.6618555039016377,True
I01,injury,2,3,2,3,4.382253137756427,4.382253137756427,False
I01,injury,3,4,3,4,5.423227801722678,5.423227801722678,False
I01,injury,4,5,4,5,4.635797307112876,4.635797307112876,False
I01,injury,5,6,5,6,4.6170274241018925,4.6170274241018925,False
I01,injury,6,7,6,7,1.7120170112694175,1.7120170112694175,True
I01,injury,7,8,7,8,3.985593942005959,3.985593942005959,False
I01,injury,8,9,8,9,5.070408787619775,5.070408787619775,False
I01,injury,9,10,9,10,4.1655447810645025,4.1655447810645025,False
I01,injury,10,11,10,11,6.51260609566173,6.51260609566173,False
I01,injury,11,12,11,12,3.419772143643277,3.419772143643277,False
I01,injury,12,13,12,13,2.563283050933292,2.563283050933292,False
I01,injury,13,14,13,14,4.87319652545776,4.87319652545776,False
I01,injury,14,15,14,15,0.8248363401238327,0.8248363401238327,True
I01,injury,15,16,15,16,0.5731444316727926,0.5731444316727926,True
I01,injury,16,17,16,17,3.538144933172255,3.538144933172255,False
I01,injury,17,18,17,18,4.2450504140295235,4.2450504140295235,False
I01,injury,18,19,18,19,3.5858983241391567,3.5858983241391567,False
I01,injury,19,20,19,20,3.014731789107096,3.014731789107096,False
I01,injury,20,21,20,21,1.906691844850257,1.906691844850257,True
I01,injury,21,22,21,22,2.37154483870965,2.37154483870965,False
I01,injury,22,23,22,23,2.932354766793745,2.932354766793745,False
I01,injury,23,24,23,24,2.1215908391503775,2.1215908391503775,False
I01,injury,24,25,24,25,9.66031660714372,9.66031660714372,False
I01,injury,25,26,25,26,12.832909331081009,12.832909331081009,False
I01,injury,26,27,26,27,1.5364481592956678,1.5364481592956678,True
I01,injury,27,28,27,28,4.790055117342971,4.790055117342971,False
I01,injury,28,29,28,29,3.615994079409864,3.615994079409864,False
I02,injury,0,1,0,1,4.869128610998776,4.869128610998776,False
I02,injury,1,2,1,2,3.034439633526604,3.034439633526604,False
I02,injury,2,3,2,3,1.1342248065610758,1.1342248065610758,True
I02,injury,3,4,3,4,4.954037582052755,4.954037582052755,False
I02,injury,4,5,4,5,4.10488725304018,4.10488725304018,False
I02,injury,5,6,5,6,1.0974542186559317,1.0974542186559317,True
I02,injury,6,7,6,7,1.3035319729043104,1.3035319729043104,True
I02,injury,7,8,7,8,3.1777744594762414,3.1777744594762414,False
I02,injury,8,9,8,9,5.136789787885988,5.136789787885988,False
I02,injury,9,10,9,10,4.71342613078718,4.71342613078718,False
I02,injury,10,11,10,11,1.4882307208009744,1.4882307208009744,True
I02,injury,11,12,11,12,5.43591691838713,5.43591691838713,False
I02,injury,12,13,12,13,1.8001195699544639,1.8001195699544639,True
I02,injury,13,14,13,14,4.353026480389703,4.353026480389703,False
I02,injury,14,15,14,15,0.9281723888346168,0.9281723888346168,True
I02,injury,15,16,15,16,3.446153423740737,3.446153423740737,False
I02,injury,16,17,16,17,6.497048182502295,6.497048182502295,False
I02,injury,17,18,17,18,3.161609429246299,3.161609429246299,False
I02,injury,18,19,18,19,2.314908786182401,2.314908786182401,False
I02,injury,19,20,19,20,0.5868527562275446,0.5868527562275446,True
I02,injury,20,21,20,21,1.6806956466163916,1.6806956466163916,True
I02,injury,21,22,21,22,3.2362638204280514,3.2362638204280514,False
I02,injury,22,23,22,23,1.1017677286954635,1.1017677286954635,True
I02,injury,23,24,23,24,2.0223088991919815,2.0223088991919815,False
I02,injury,24,25,24,25,2.9750622997871243,2.9750622997871243,False
I02,injury,25,26,25,26,3.71969369755449,3.71969369755449,False
I02,injury,26,27,26,27,3.8335144037836733,3.8335144037836733,False
I02,injury,27,28,27,28,6.562588681084736,6.562588681084736,False
I02,injury,28,29,28,29,3.866304986569887,3.866304986569887,False
I03,injury,0,1,0,1,2.8478907139906817,2.8478907139906817,False
I03,injury,1,2,1,2,2.137203866707483,2.137203866707483,False
I03,injury,2,3,2,3,6.856037440711289,6.856037440711289,False
I03,injury,3,4,3,4,6.54720374467326,6.54720374467326,False
I03,injury,4,5,4,5,0.9082861296970626,0.9082861296970626,True
I03,injury,5,6,5,6,5.309526684611263,5.309526684611263,False
I03,injury,6,7,6,7,2.0583076988922673,2.0583076988922673,False
I03,injury,7,8,7,8,2.7559895450712224,2.7559895450712224,False
I03,injury,8,9,8,9,3.0635789934380417,3.0635789934380417,False
I03,injury,9,10,9,10,2.5699688785075354,2.5699688785075354,False
I03,injury,10,11,10,11,4.028154270260592,4.028154270260592,False
I03,injury,11,12,11,12,4.271167782024229,4.271167782024229,False
I03,injury,12,13,12,13,2.5402711922100405,2.5402711922100405,False
I03,injury,13,14,13,14,2.400344844280418,2.400344844280418,False
I03,injury,14,15,14,15,3.7567415845777554,3.7567415845777554,False
I03,injury,15,16,15,16,4.282571966016174,4.282571966016174,False
I03,injury,16,17,16,17,0.37877480095104676,0.37877480095104676,True
I03,injury,17,18,17,18,9.12455825052582,9.12455825052582,False
I03,injury,18,19,18,19,5.235378364173011,5.235378364173011,False
I03,injury,19,20,19,20,2.0642776895056905,2.0642776895056905,False
I03,injury,20,21,20,21,2.18341434786449,2.18341434786449,False
I03,injury,21,22,21,22,5.340701395168289,5.340701395168289,False
I03,injury,22,23,22,23,3.23724436241467,3.23724436241467,False
I03,injury,23,24,23,24,3.362114639522591,3.362114639522591,False
I03,injury,24,25,24,25,4.372048341394165,4.372048341394165,False
I03,injury,25,26,25,26,1.18913467502025,1.18913467502025,True
I03,injury,26,27,26,27,4.200556663195051,4.200556663195051,False
I03,injury,27,28,27,28,6.214376106947706,6.214376106947706,False
I03,injury,28,29,28,29,4.224881366388408,4.224881366388408,False
I04,injury,0,1,0,1,3.581351078911039,3.581351078911039,False
I04,injury,1,2,1,2,1.8044702816000162,1.8044702816000162,True
I04,injury,2,3,2,3,0.6978457444155137,0.6978457444155137,True
I04,injury,3,4,3,4,4.657576463757723,4.657576463757723,False
I04,injury,4,5,4,5,5.773644409093461,5.773644409093461,False
I04,injury,5,6,5,6,2.41973648931699,2.41973648931699,False
I04,injury,6,7,6,7,2.5074049699703673,2.5074049699703673,False
I04,injury,7,8,7,8,1.9851211952897092,1.9851211952897092,True
I04,injury,8,9,8,9,5.543679753196393,5.543679753196393,False
I04,injury,9,10,9,10,2.999931719601854,2.999931719601854,False
I04,injury,10,11,10,11,4.478269074420043,4.478269074420043,False
I04,injury,11,12,11,12,2.0757063478541786,2.0757063478541786,False
I04,injury,12,13,12,13,3.378372833062816,3.378372833062816,False
I04,injury,13,14,13,14,4.270799579566456,4.270799579566456,False
I04,injury,14,15,14,15,5.042827481230255,5.042827481230255,False
I04,injury,15,16,15,16,4.782452881596679,4.782452881596679,False
I04,injury,16,17,16,17,3.815415614121052,3.815415614121052,False
I04,injury,17,18,17,18,1.5517997384013023,1.5517997384013023,True
I04,injury,18,19,18,19,3.4473308469852135,3.4473308469852135,False
I04,injury,19,20,19,20,1.8847718242928346,1.8847718242928346,True
I04,injury,20,21,20,21,3.782578234134827,3.782578234134827,False
I04,injury,21,22,21,22,2.3843544844027726,2.3843544844027726,False
I04,injury,22,23,22,23,1.605554945012319,1.605554945012319,True
I04,injury,23,24,23,24,2.564590152730967,2.564590152730967,False
I04,injury,24,25,24,25,1.3172445340361638,1.3172445340361638,True
I04,injury,25,26,25,26,7.582738975314473,7.582738975314473,False
I04,injury,26,27,26,27,2.5998396331418707,2.5998396331418707,False
I04,injury,27,28,27,28,3.3815213502122545,3.3815213502122545,False
I04,injury,28,29,28,29,3.0709171288807924,3.0709171288807924,False
I05,injury,0,1,0,1,5.216341060411705,5.216341060411705,False
I05,injury,1,2,1,2,9.810970650504718,9.810970650504718,False
I05,injury,2,3,2,3,2.4299033908045398,2.4299033908045398,False
I05,injury,3,4,3,4,1.9047307650373961,1.9047307650373961,True
I05,injury,4,5,4,5,3.6275660041600575,3.6275660041600575,False
I05,injury,5,6,5,6,2.3562004902451634,2.3562004902451634,False
I05,injury,6,7,6,7,2.2424649441869247,2.2424649441869247,False
I05,injury,7,8,7,8,3.2488493809305563,3.2488493809305563,False
I05,injury,8,9,8,9,0.4681778874591579,0.4681778874591579,True
I05,injury,9,10,9,10,8.194944819827409,8.194944819827409,False
I05,injury,10,11,10,11,6.181873943086263,6.181873943086263,False
I05,injury,11,12,11,12,2.038309022691031,2.038309022691031,False
I05,injury,12,13,12,13,6.087550059166605,6.087550059166605,False
I05,injury,13,14,13,14,8.111219028672455,8.111219028672455,False
I05,injury,14,15,14,15,4.768012511931122,4.768012511931122,False
I05,injury,15,16,15,16,3.9320431735635037,3.9320431735635037,False
I05,injury,16,17,16,17,6.533806689069723,6.533806689069723,False
I05,injury,17,18,17,18,3.8020866978880963,3.8020866978880963,False
I05,injury,18,19,18,19,6.049162139113157,6.049162139113157,False
I05,injury,19,20,19,20,1.154289950251441,1.154289950251441,True
I05,injury,20,21,20,21,3.987217142391703,3.987217142391703,False
I05,injury,21,22,21,22,2.9790848603944067,2.9790848603944067,False
I05,injury,22,23,22,23,1.0990372621419842,1.0990372621419842,True
I05,injury,23,24,23,24,5.019608731721846,5.019608731721846,False
I05,injury,24,25,24,25,1.8625812822990653,1.8625812822990653,True
I05,injury,25,26,25,26,4.755287511810858,4.755287511810858,False
I05,injury,26,27,26,27,2.352124975704788,2.352124975704788,False
I05,injury,27,28,27,28,5.979931027139162,5.979931027139162,False
I05,injury,28,29,28,29,6.276386389564342,6.276386389564342,False
I06,injury,0,1,0,1,5.61617427884095,5.61617427884095,False
I06,injury,1,2,1,2,2.58660178769245,2.58660178769245,False
I06,injury,2,3,2,3,2.2438732538210653,2.2438732538210653,False
I06,injury,3,4,3,4,3.5403528988229755,3.5403528988229755,False
I06,injury,4,5,4,5,7.660033823665558,7.660033823665558,False
I06,injury,5,6,5,6,2.6618859819177474,2.6618859819177474,False
I06,injury,6,7,6,7,2.3348579715854574,2.3348579715854574,False
I06,injury,7,8,7,8,8.48124439636441,8.48124439636441,False
I06,injury,8,9,8,9,7.338234847102148,7.338234847102148,False
I06,injury,9,10,9,10,8.35778997456209,8.35778997456209,False
I06,injury,10,11,10,11,3.1776645302645132,3.1776645302645132,False
I06,injury,11,12,11,12,3.309901428902755,3.309901428902755,False
I06,injury,12,13,12,13,3.11445678140646,3.11445678140646,False
I06,injury,13,14,13,14,2.318399610928392,2.318399610928392,False
I06,injury,14,15,14,15,3.036177652349948,3.036177652349948,False
I06,injury,15,16,15,16,1.8776284805571202,1.8776284805571202,True
I06,injury,16,17,16,17,5.476696833409418,5.476696833409418,False
I06,injury,17,18,17,18,1.1200631082200658,1.1200631082200658,True
I06,injury,18,19,18,19,3.17857825718444,3.17857825718444,False
I06,injury,19,20,19,20,2.0665121945616396,2.0665121945616396,False
I06,injury,20,21,20,21,5.4352629191885065,5.4352629191885065,False
I06,injury,21,22,21,22,6.322944124500541,6.322944124500541,False
I06,injury,22,23,22,23,3.9435953653027256,3.9435953653027256,False
I06,injury,23,24,23,24,1.3726134992463168,1.3726134992463168,True
I06,injury,24,25,24,25,6.24433869909161,6.24433869909161,False
I06,injury,25,26,25,26,4.843661367856019,4.843661367856019,False
I06,injury,26,27,26,27,5.860217449957699,5.860217449957699,False
I06,injury,27,28,27,28,2.7651170445282585,2.7651170445282585,False
I06,injury,28,29,28,29,2.5645251444115407,2.5645251444115407,False
I07,injury,0,1,0,1,3.0669651974715535,3.0669651974715535,False
I07,injury,1,2,1,2,2.6253290282451345,2.6253290282451345,False
I07,injury,2,3,2,3,0.5615137440977562,0.5615137440977562,True
I07,injury,3,4,3,4,2.54884067626779,2.54884067626779,False
I07,injury,4,5,4,5,3.4012604891716904,3.4012604891716904,False
I07,injury,5,6,5,6,5.283956652930562,5.283956652930562,False
I07,injury,6,7,6,7,5.269488581047035,5.269488581047035,False
I07,injury,7,8,7,8,2.680123839652929,2.680123839652929,False
I07,injury,8,9,8,9,1.9985768361343033,1.9985768361343033,True
I07,injury,9,10,9,10,5.764414527410112,5.764414527410112,False
I07,injury,10,11,10,11,3.583827304313176,3.583827304313176,False
I07,injury,11,12,11,12,8.314726135714974,8.314726135714974,False
I07,injury,12,13,12,13,3.1926737901471323,3.1926737901471323,False
I07,injury,13,14,13,14,4.2709006065662605,4.2709006065662605,False
I07,injury,14,15,14,15,6.054732533638277,6.054732533638277,False
I07,injury,15,16,15,16,3.311964084594445,3.311964084594445,False
I07,injury,16,17,16,17,1.2917607650773855,1.2917607650773855,True
I07,injury,17,18,17,18,5.640798726478018,5.640798726478018,False
I07,injury,18,19,18,19,5.785765332144775,5.785765332144775,False
I07,injury,19,20,19,20,3.668783046137747,3.668783046137747,False
I07,injury,20,21,20,21,2.102185336371176,2.102185336371176,False
I07,injury,21,22,21,22,5.756163157216363,5.756163157216363,False
I07,injury,22,23,22,23,3.1528802897245622,3.1528802897245622,False
I07,injury,23,24,23,24,7.2837821397857745,7.2837821397857745,False
I07,injury,24,25,24,25,9.470671777100419,9.470671777100419,False
I07,injury,25,26,25,26,3.5483033768724996,3.5483033768724996,False
I07,injury,26,27,26,27,3.798677061128901,3.798677061128901,False
I07,injury,27,28,27,28,2.6315961559800627,2.6315961559800627,False
I07,injury,28,29,28,29,6.337987135807313,6.337987135807313,False
I08,injury,0,1,0,1,3.5895874878886747,3.5895874878886747,False
I08,injury,1,2,1,2,2.483159632379214,2.483159632379214,False
I08,injury,2,3,2,3,5.531395274705277,5.531395274705277,False
I08,injury,3,4,3,4,3.805265961507222,3.805265961507222,False
I08,injury,4,5,4,5,5.579070371074143,5.579070371074143,False
I08,injury,5,6,5,6,6.395215165720499,6.395215165720499,False
I08,injury,6,7,6,7,4.807279161349953,4.807279161349953,False
I08,injury,7,8,7,8,2.0299032579497833,2.0299032579497833,False
I08,injury,8,9,8,9,6.531534191061632,6.531534191061632,False
I08,injury,9,10,9,10,8.216493113145889,8.216493113145889,False
I08,injury,10,11,10,11,2.7941412850269747,2.7941412850269747,False
I08,injury,11,12,11,12,1.402883897030704,1.402883897030704,True
I08,injury,12,13,12,13,3.9061090963042706,3.9061090963042706,False
I08,injury,13,14,13,14,6.20746469579418,6.20746469579418,False
I08,injury,14,15,14,15,4.06589493430078,4.06589493430078,False
I08,injury,15,16,15,16,1.358915721266286,1.358915721266286,True
I08,injury,16,17,16,17,3.975812547388567,3.975812547388567,False
I08,injury,17,18,17,18,5.7446555852806265,5.7446555852806265,False
I08,injury,18,19,18,19,1.2775216864449934,1.2775216864449934,True
I08,injury,19,20,19,20,2.6275306427372263,2.6275306427372263,False
I08,injury,20,21,20,21,1.9298016004122194,1.9298016004122194,True
I08,injury,21,22,21,22,5.552879357167556,5.552879357167556,False
I08,injury,22,23,22,23,2.1183137767077636,2.1183137767077636,False
I08,injury,23,24,23,24,3.3971124612791788,3.3971124612791788,False
I08,injury,24,25,24,25,4.910638814993587,4.910638814993587,False
I08,injury,25,26,25,26,4.997162149409142,4.997162149409142,False
I08,injury,26,27,26,27,2.0790294348842466,2.0790294348842466,False
I08,injury,27,28,27,28,5.61628678432594,5.61628678432594,False
I08,injury,28,29,28,29,1.693865516300049,1.693865516300049,True
I09,injury,0,1,0,1,5.161285931804817,5.161285931804817,False
I09,injury,1,2,1,2,9.449275415349353,9.449275415349353,False
I09,injury,2,3,2,3,5.413220784063761,5.413220784063761,False
I09,injury,3,4,3,4,3.7818407057949583,3.7818407057949583,False
I09,injury,4,5,4,5,4.183262300102086,4.183262300102086,False
I09,injury,5,6,5,6,2.8028258938383988,2.8028258938383988,False
I09,injury,6,7,6,7,5.4795107345521235,5.4795107345521235,False
I09,injury,7,8,7,8,5.6442234770249,5.6442234770249,False
I09,injury,8,9,8,9,5.1169938186375985,5.1169938186375985,False
I09,injury,9,10,9,10,2.19021438320205,2.19021438320205,False
I09,injury,10,11,10,11,6.154742988607154,6.154742988607154,False
I09,injury,11,12,11,12,0.63589904320365,0.63589904320365,True
I09,injury,12,13,12,13,1.8681500756907214,1.8681500756907214,True
I09,injury,13,14,13,14,2.984446197727555,2.984446197727555,False
I09,injury,14,15,14,15,1.1555456714187367,1.1555456714187367,True
I09,injury,15,16,15,16,1.458052040986411,1.458052040986411,True
I09,injury,16,17,16,17,7.5371265107802135,7.5371265107802135,False
I09,injury,17,18,17,18,5.07323411603751,5.07323411603751,False
I09,injury,18,19,18,19,7.482839128324799,7.482839128324799,False
I09,injury,19,20,19,20,3.6426162998545744,3.6426162998545744,False
I09,injury,20,21,20,21,0.9681144164287323,0.9681144164287323,True
I09,injury,21,22,21,22,1.847284006676856,1.847284006676856,True
I09,injury,22,23,22,23,3.446750104999756,3.446750104999756,False
I09,injury,23,24,23,24,4.313770337559981,4.313770337559981,False
I09,injury,24,25,24,25,2.777112993604207,2.777112993604207,False
I09,injury,25,26,25,26,1.650497285895031,1.650497285895031,True
I09,injury,26,27,26,27,4.432851717925006,4.432851717925006,False
I09,injury,27,28,27,28,5.75049438976567,5.75049438976567,False
I09,injury,28,29,28,29,1.6868699047411886,1.6868699047411886,True
I10,injury,0,1,0,1,2.052842248481424,2.052842248481424,False
I10,injury,1,2,1,2,4.18156081571399,4.18156081571399,False
I10,injury,2,3,2,3,1.1157277251142066,1.1157277251142066,True
I10,injury,3,4,3,4,6.977691720342533,6.977691720342533,False
I10,injury,4,5,4,5,1.129227422961211,1.129227422961211,True
I10,injury,5,6,5,6,2.7583445339086845,2.7583445339086845,False
I10,injury,6,7,6,7,0.7950493615916202,0.7950493615916202,True
I10,injury,7,8,7,8,4.82873903885287,4.82873903885287,False
I10,injury,8,9,8,9,6.992752858946103,6.992752858946103,False
I10,injury,9,10,9,10,5.381895533052508,5.381895533052508,False
I10,injury,10,11,10,11,2.90165450912089,2.90165450912089,False
I10,injury,11,12,11,12,3.9247709388571264,3.9247709388571264,False
I10,injury,12,13,12,13,3.0216742247158708,3.0216742247158708,False
I10,injury,13,14,13,14,3.9184977193954422,3.9184977193954422,False
I10,injury,14,15,14,15,6.492490304939645,6.492490304939645,False
I10,injury,15,16,15,16,6.111698695524763,6.111698695524763,False
I10,injury,16,17,16,17,2.5754462638153246,2.5754462638153246,False
I10,injury,17,18,17,18,7.60281334053268,7.60281334053268,False
I10,injury,18,19,18,19,6.418634095514168,6.418634095514168,False
I10,injury,19,20,19,20,5.302563621492516,5.302563621492516,False
I10,injury,20,21,20,21,4.523674613851526,4.523674613851526,False
I10,injury,21,22,21,22,0.9540220936354485,0.9540220936354485,True
I10,injury,22,23,22,23,2.340539445721932,2.340539445721932,False
I10,injury,23,24,23,24,4.166752818071284,4.166752818071284,False
I10,injury,24,25,24,25,5.016680154312732,5.016680154312732,False
I10,injury,25,26,25,26,1.8676008403335642,1.8676008403335642,True
I10,injury,26,27,26,27,2.0594968055668916,2.0594968055668916,False
I10,injury,27,28,27,28,4.152884593182146,4.152884593182146,False
I10,injury,28,29,28,29,4.224458242008949,4.224458242008949,False
I11,injury,0,1,0,1,4.664798387964912,4.664798387964912,False
I11,injury,1,2,1,2,4.790969191598736,4.790969191598736,False
I11,injury,2,3,2,3,0.6632587148905349,0.6632587148905349,True
I11,injury,3,4,3,4,6.359793448593795,6.359793448593795,False
I11,injury,4,5,4,5,6.064185996822113,6.064185996822113,False
I11,injury,5,6,5,6,0.45153841032598263,0.45153841032598263,True
I11,injury,6,7,6,7,2.8163744476737227,2.8163744476737227,False
I11,injury,7,8,7,8,8.462192408042295,8.462192408042295,False
I11,injury,8,9,8,9,2.1512880177931235,2.1512880177931235,False
I11,injury,9,10,9,10,3.2755129986048366,3.2755129986048366,False
I11,injury,10,11,10,11,7.620903074963089,7.620903074963089,False
I11,injury,11,12,11,12,9.076246014486484,9.076246014486484,False
I11,injury,12,13,12,13,1.8668578825058182,1.8668578825058182,True
I11,injury,13,14,13,14,4.3434143973483526,4.3434143973483526,False
I11,injury,14,15,14,15,6.536926483533786,6.536926483533786,False
I11,injury,15,16,15,16,1.9703304826485826,1.9703304826485826,True
I11,injury,16,17,16,17,2.9472277212868354,2.9472277212868354,False
I11,injury,17,18,17,18,7.399897237496524,7.399897237496524,False
I11,injury,18,19,18,19,4.310659194179159,4.310659194179159,False
I11,injury,19,20,19,20,6.4924633695691725,6.4924633695691725,False
I11,injury,20,21,20,21,3.8299365281215842,3.8299365281215842,False
I11,injury,21,22,21,22,1.8608954954719967,1.8608954954719967,True
I11,injury,22,23,22,23,4.240723341456099,4.240723341456099,False
I11,injury,23,24,23,24,5.551511760003595,5.551511760003595,False
I11,injury,24,25,24,25,3.610625312233052,3.610625312233052,False
I11,injury,25,26,25,26,4.717037990633483,4.717037990633483,False
I11,injury,26,27,26,27,3.4473889271479106,3.4473889271479106,False
I11,injury,27,28,27,28,4.542533445053762,4.542533445053762,False
I11,injury,28,29,28,29,3.4623247562466397,3.4623247562466397,False
I12,injury,0,1,0,1,1.2307366990073958,1.2307366990073958,True
I12,injury,1,2,1,2,2.736603765752195,2.736603765752195,False
I12,injury,2,3,2,3,3.863724074415323,3.863724074415323,False
I12,injury,3,4,3,4,3.660987317176552,3.660987317176552,False
I12,injury,4,5,4,5,2.5390195491065346,2.5390195491065346,False
I12,injury,5,6,5,6,3.9620121621323747,3.9620121621323747,False
I12,injury,6,7,6,7,1.0340733096595045,1.0340733096595045,True
I12,injury,7,8,7,8,4.426732250559418,4.426732250559418,False
I12,injury,8,9,8,9,2.9884718107268835,2.9884718107268835,False
I12,injury,9,10,9,10,7.695926940209805,7.695926940209805,False
I12,injury,10,11,10,11,4.013979824819834,4.013979824819834,False
I12,injury,11,12,11,12,1.6854474607687422,1.6854474607687422,True
I12,injury,12,13,12,13,1.3572981286692805,1.3572981286692805,True
I12,injury,13,14,13,14,8.122153085616088,8.122153085616088,False
I12,injury,14,15,14,15,4.679367170708736,4.679367170708736,False
I12,injury,15,16,15,16,4.197739391270144,4.197739391270144,False
I12,injury,16,17,16,17,3.4693302540252615,3.4693302540252615,False
I12,injury,17,18,17,18,1.7928564041496642,1.7928564041496642,True
I12,injury,18,19,18,19,2.3625841904352507,2.3625841904352507,False
I12,injury,19,20,19,20,4.970093501111171,4.970093501111171,False
I12,injury,20,21,20,21,2.4084265746828026,2.4084265746828026,False
I12,injury,21,22,21,22,5.658209572707458,5.658209572707458,False
I12,injury,22,23,22,23,3.589754121372764,3.589754121372764,False
I12,injury,23,24,23,24,5.1071241275084525,5.1071241275084525,False
I12,injury,24,25,24,25,1.5319566071102058,1.5319566071102058,True
I12,injury,25,26,25,26,0.9333359345530002,0.9333359345530002,True
I12,injury,26,27,26,27,0.13474027408331898,0.13474027408331898,True
I12,injury,27,28,27,28,2.2827401469638184,2.2827401469638184,False
I12,injury,28,29,28,29,9.06521223507312,9.06521223507312,False
I13,injury,0,1,0,1,3.5341840347686233,3.5341840347686233,False
I13,injury,1,2,1,2,2.3790411479232483,2.3790411479232483,False
I13,injury,2,3,2,3,2.786959421047379,2.786959421047379,False
I13,injury,3,4,3,4,7.496774239787685,7.496774239787685,False
I13,injury,4,5,4,5,4.127677329632164,4.127677329632164,False
I13,injury,5,6,5,6,4.3948765720795135,4.3948765720795135,False
I13,injury,6,7,6,7,3.321292620144985,3.321292620144985,False
I13,injury,7,8,7,8,1.2023081574784642,1.2023081574784642,True
I13,injury,8,9,8,9,5.836429584098467,5.836429584098467,False
I13,injury,9,10,9,10,2.1216027022072637,2.1216027022072637,False
I13,injury,10,11,10,11,4.633520977751383,4.633520977751383,False
I13,injury,11,12,11,12,7.276959427142629,7.276959427142629,False
I13,injury,12,13,12,13,4.620482692167482,4.620482692167482,False
I13,injury,13,14,13,14,0.7327568910216219,0.7327568910216219,True
I13,injury,14,15,14,15,2.761132235063776,2.761132235063776,False
I13,injury,15,16,15,16,3.2585482651345132,3.2585482651345132,False
I13,injury,16,17,16,17,3.420638470999824,3.420638470999824,False
I13,injury,17,18,17,18,2.081485152669488,2.081485152669488,False
I13,injury,18,19,18,19,5.62361593431291,5.62361593431291,False
I13,injury,19,20,19,20,6.48432407092579,6.48432407092579,False
I13,injury,20,21,20,21,7.172820785711815,7.172820785711815,False
I13,injury,21,22,21,22,4.111956995327493,4.111956995327493,False
I13,injury,22,23,22,23,5.821292846793828,5.821292846793828,False
I13,injury,23,24,23,24,2.9657497391417253,2.9657497391417253,False
I13,injury,24,25,24,25,1.1601426922858147,1.1601426922858147,True
I13,injury,25,26,25,26,2.908411674166205,2.908411674166205,False
I13,injury,26,27,26,27,5.608825106355071,5.608825106355071,False
I13,injury,27,28,27,28,0.8763814976162844,0.8763814976162844,True
I13,injury,28,29,28,29,6.376715916697938,6.376715916697938,False
I14,injury,0,1,0,1,4.792033967922668,4.792033967922668,False
I14,injury,1,2,1,2,4.198610649144987,4.198610649144987,False
I14,injury,2,3,2,3,3.4648839247587744,3.4648839247587744,False
I14,injury,3,4,3,4,1.9656793252999785,1.9656793252999785,True
I14,injury,4,5,4,5,0.4278876447632254,0.4278876447632254,True
I14,injury,5,6,5,6,2.4256107003450564,2.4256107003450564,False
I14,injury,6,7,6,7,6.901578775982738,6.901578775982738,False
I14,injury,7,8,7,8,4.447517541409256,4.447517541409256,False
I14,injury,8,9,8,9,1.4621584235528053,1.4621584235528053,True
I14,injury,9,10,9,10,8.195581925287712,8.195581925287712,False
I14,injury,10,11,10,11,3.3891387098430172,3.3891387098430172,False
I14,injury,11,12,11,12,2.319337315919945,2.319337315919945,False
I14,injury,12,13,12,13,7.808503721296114,7.808503721296114,False
I14,injury,13,14,13,14,5.09372281192638,5.09372281192638,False
I14,injury,14,15,14,15,3.0748339276789705,3.0748339276789705,False
I14,injury,15,16,15,16,2.169455281308272,2.169455281308272,False
I14,injury,16,17,16,17,7.865884710065249,7.865884710065249,False
I14,injury,17,18,17,18,3.2447233184210185,3.2447233184210185,False
I14,injury,18,19,18,19,1.8007557203679359,1.8007557203679359,True
I14,injury,19,20,19,20,2.999642263261868,2.999642263261868,False
I14,injury,20,21,20,21,5.74956230167283,5.74956230167283,False
I14,injury,21,22,21,22,5.374308466011857,5.374308466011857,False
I14,injury,22,23,22,23,6.010633550911018,6.010633550911018,False
I14,injury,23,24,23,24,2.8668124226426364,2.8668124226426364,False
I14,injury,24,25,24,25,2.3979143207093574,2.3979143207093574,False
I14,injury,25,26,25,26,0.7395121054564452,0.7395121054564452,True
I14,injury,26,27,26,27,1.1000736574777983,1.1000736574777983,True
I14,injury,27,28,27,28,5.355023073556412,5.355023073556412,False
I14,injury,28,29,28,29,5.423105996475745,5.423105996475745,False
I15,injury,0,1,0,1,1.6264667439238518,1.6264667439238518,True
I15,injury,1,2,1,2,5.448426964971457,5.448426964971457,False
I15,injury,2,3,2,3,3.726354264979563,3.726354264979563,False
I15,injury,3,4,3,4,2.30624454229815,2.30624454229815,False
I15,injury,4,5,4,5,2.2823260977003956,2.2823260977003956,False
I15,injury,5,6,5,6,4.18320738375413,4.18320738375413,False
I15,injury,6,7,6,7,2.2347963690945756,2.2347963690945756,False
I15,injury,7,8,7,8,3.417375810874524,3.417375810874524,False
I15,injury,8,9,8,9,5.790670095231973,5.790670095231973,False
I15,injury,9,10,9,10,8.207678276909746,8.207678276909746,False
I15,injury,10,11,10,11,3.67064928268309,3.67064928268309,False
I15,injury,11,12,11,12,2.4336322820430873,2.4336322820430873,False
I15,injury,12,13,12,13,3.947410033089559,3.947410033089559,False
I15,injury,13,14,13,14,3.668573320356857,3.668573320356857,False
I15,injury,14,15,14,15,4.318015023202153,4.318015023202153,False
I15,injury,15,16,15,16,9.327527139556928,9.327527139556928,False
I15,injury,16,17,16,17,4.016658138987224,4.016658138987224,False
I15,injury,17,18,17,18,6.804815808839799,6.804815808839799,False
I15,injury,18,19,18,19,4.379899706246765,4.379899706246765,False
I15,injury,19,20,19,20,3.6563771868001536,3.6563771868001536,False
I15,injury,20,21,20,21,5.727025103897889,5.727025103897889,False
I15,injury,21,22,21,22,7.389412847278382,7.389412847278382,False
I15,injury,22,23,22,23,2.9800510991306095,2.9800510991306095,False
I15,injury,23,24,23,24,5.547426646980784,5.547426646980784,False
I15,injury,24,25,24,25,4.077657455781608,4.077657455781608,False
I15,injury,25,26,25,26,6.288609151948323,6.288609151948323,False
I15,injury,26,27,26,27,1.1302776607895946,1.1302776607895946,True
I15,injury,27,28,27,28,5.557427089908327,5.557427089908327,False
I15,injury,28,29,28,29,0.9977584897490731,0.9977584897490731,True
